-- MySQL dump 10.13  Distrib 5.7.16, for Linux (x86_64)
--
-- Host: localhost    Database: LEETCODEDB
-- ------------------------------------------------------
-- Server version	5.7.16-0ubuntu0.16.04.1

/*!40101 SET @OLD_CHARACTER_SET_CLIENT=@@CHARACTER_SET_CLIENT */;
/*!40101 SET @OLD_CHARACTER_SET_RESULTS=@@CHARACTER_SET_RESULTS */;
/*!40101 SET @OLD_COLLATION_CONNECTION=@@COLLATION_CONNECTION */;
/*!40101 SET NAMES utf8 */;
/*!40103 SET @OLD_TIME_ZONE=@@TIME_ZONE */;
/*!40103 SET TIME_ZONE='+00:00' */;
/*!40014 SET @OLD_UNIQUE_CHECKS=@@UNIQUE_CHECKS, UNIQUE_CHECKS=0 */;
/*!40014 SET @OLD_FOREIGN_KEY_CHECKS=@@FOREIGN_KEY_CHECKS, FOREIGN_KEY_CHECKS=0 */;
/*!40101 SET @OLD_SQL_MODE=@@SQL_MODE, SQL_MODE='NO_AUTO_VALUE_ON_ZERO' */;
/*!40111 SET @OLD_SQL_NOTES=@@SQL_NOTES, SQL_NOTES=0 */;

--
-- Table structure for table `Company`
--

DROP TABLE IF EXISTS `Company`;
/*!40101 SET @saved_cs_client     = @@character_set_client */;
/*!40101 SET character_set_client = utf8 */;
CREATE TABLE `Company` (
  `id` int(11) NOT NULL DEFAULT '0',
  `company` varchar(100) NOT NULL DEFAULT '',
  PRIMARY KEY (`id`,`company`),
  CONSTRAINT `Company_ibfk_1` FOREIGN KEY (`id`) REFERENCES `Questions` (`id`)
) ENGINE=InnoDB DEFAULT CHARSET=latin1;
/*!40101 SET character_set_client = @saved_cs_client */;

--
-- Dumping data for table `Company`
--

LOCK TABLES `Company` WRITE;
/*!40000 ALTER TABLE `Company` DISABLE KEYS */;
INSERT INTO `Company` VALUES (20,'Amazon'),(20,'Apple'),(20,'Bloomberg'),(20,'Google'),(20,'Twitter'),(20,'Zenefits'),(22,'Facebook'),(22,'Google'),(26,'Bloomberg'),(27,'Google'),(29,'Google'),(32,'Google'),(32,'Snapchat'),(35,'Google'),(37,'Amazon'),(37,'Facebook'),(37,'Uber'),(38,'Adobe'),(38,'Apple'),(39,'Google'),(40,'Amazon'),(40,'Bloomberg'),(40,'Facebook'),(40,'Microsoft'),(40,'Uber'),(41,'Amazon'),(41,'Apple'),(41,'Microsoft'),(44,'Bloomberg'),(44,'Facebook'),(45,'Google'),(45,'Microsoft'),(45,'Uber'),(49,'Amazon'),(49,'Facebook'),(49,'Google'),(49,'Microsoft'),(49,'Zenefits'),(51,'Amazon'),(51,'Bloomberg'),(51,'Facebook'),(51,'Google'),(51,'LinkedIn'),(51,'Microsoft'),(51,'Uber'),(51,'Yahoo'),(52,'Apple'),(52,'Google'),(52,'Yahoo'),(58,'Snapchat'),(58,'Uber'),(61,'Bloomberg'),(61,'Microsoft'),(62,'Apple'),(62,'Yelp'),(62,'Zenefits'),(65,'Amazon'),(65,'Bloomberg'),(65,'Microsoft'),(66,'Bloomberg'),(67,'Airbnb'),(67,'LinkedIn'),(68,'Apple'),(68,'Facebook'),(68,'Microsoft'),(68,'Pocket Gems'),(70,'Bloomberg'),(70,'LinkedIn'),(70,'Microsoft'),(72,'Microsoft'),(73,'Facebook'),(73,'Microsoft'),(73,'Pocket Gems'),(74,'LinkedIn'),(76,'Google'),(77,'Yelp'),(78,'Google'),(79,'Twitter'),(80,'LinkedIn'),(80,'Microsoft'),(86,'Dropbox'),(86,'Uber'),(88,'Bloomberg'),(88,'Microsoft'),(89,'Amazon'),(98,'Amazon'),(98,'Dropbox'),(98,'Facebook'),(98,'Google'),(98,'Uber'),(103,'Apple'),(103,'LinkedIn'),(103,'Twitter'),(104,'Microsoft'),(108,'Airbnb'),(108,'Amazon'),(108,'Facebook'),(108,'Google'),(108,'LinkedIn'),(108,'Microsoft'),(108,'Twitter'),(108,'Uber'),(109,'Amazon'),(109,'Bloomberg'),(109,'Facebook'),(109,'Microsoft'),(111,'LinkedIn'),(115,'Microsoft'),(116,'Baidu'),(116,'Facebook'),(119,'Baidu'),(119,'Microsoft'),(128,'Airbnb'),(128,'Facebook'),(128,'Google'),(128,'Twitter'),(128,'Uber'),(130,'Facebook'),(131,'Apple'),(131,'Bloomberg'),(131,'Microsoft'),(131,'Snapchat'),(131,'Yelp'),(132,'Amazon'),(132,'Apple'),(132,'Bloomberg'),(132,'Facebook'),(132,'Microsoft'),(132,'Pocket Gems'),(133,'Bloomberg'),(137,'Bloomberg'),(137,'Facebook'),(137,'Google'),(137,'LinkedIn'),(139,'Adobe'),(139,'Apple'),(139,'Microsoft'),(142,'Facebook'),(142,'Google'),(142,'LinkedIn'),(142,'Microsoft'),(144,'Microsoft'),(145,'Google'),(147,'Google'),(148,'Facebook'),(148,'Microsoft'),(151,'Bloomberg'),(152,'Bloomberg'),(152,'Facebook'),(152,'Microsoft'),(154,'Facebook'),(154,'Google'),(154,'Snapchat'),(155,'Aetion'),(155,'Baidu'),(156,'Google'),(156,'Twitter'),(158,'Amazon'),(158,'Bloomberg'),(158,'Facebook'),(158,'Google'),(158,'Microsoft'),(158,'Palantir'),(158,'Snapchat'),(158,'Twitter'),(158,'Uber'),(158,'Yahoo'),(158,'Zenefits'),(161,'Google'),(162,'Google'),(162,'Uber'),(162,'Zenefits'),(165,'Google'),(165,'Snapchat'),(166,'Facebook'),(166,'Microsoft'),(166,'Uber'),(166,'Zenefits'),(167,'Google'),(169,'Pocket Gems'),(170,'Google'),(172,'Google'),(173,'Airbnb'),(173,'Amazon'),(173,'Bloomberg'),(173,'Facebook'),(173,'Google'),(173,'Microsoft'),(173,'Twitter'),(173,'Zenefits'),(174,'Adobe'),(174,'Amazon'),(174,'Apple'),(174,'Bloomberg'),(174,'Facebook'),(174,'Microsoft'),(174,'Snapchat'),(174,'Twitter'),(174,'Uber'),(174,'Yahoo'),(174,'Yelp'),(174,'Zenefits'),(175,'Uber'),(179,'LinkedIn'),(180,'Amazon'),(180,'Facebook'),(185,'Amazon'),(186,'Airbnb'),(186,'Google'),(189,'Adobe'),(189,'Amazon'),(189,'Bloomberg'),(189,'Yelp'),(190,'Facebook'),(190,'Microsoft'),(192,'Bloomberg'),(194,'Amazon'),(194,'Apple'),(194,'Facebook'),(194,'LinkedIn'),(194,'Microsoft'),(195,'Apple'),(195,'Bloomberg'),(195,'Facebook'),(198,'LinkedIn'),(199,'Airbnb'),(199,'Palantir'),(201,'Facebook'),(201,'Microsoft'),(201,'Uber'),(203,'Bloomberg'),(203,'Facebook'),(203,'Google'),(203,'LinkedIn'),(203,'Microsoft'),(203,'Twitter'),(203,'Yelp'),(204,'Facebook'),(206,'Facebook'),(206,'Twitter'),(208,'Facebook'),(209,'Adobe'),(209,'Amazon'),(209,'Bloomberg'),(209,'Facebook'),(209,'Microsoft'),(209,'Works Applications'),(210,'Bloomberg'),(210,'Microsoft'),(210,'Uber'),(211,'Google'),(212,'LinkedIn'),(215,'Microsoft'),(216,'Facebook'),(216,'Google'),(216,'Twitter'),(218,'Facebook'),(218,'Zenefits'),(219,'Bloomberg'),(223,'Works Applications'),(224,'Palantir'),(227,'LinkedIn'),(227,'Microsoft'),(229,'Baidu'),(231,'Google'),(232,'Facebook'),(233,'Apple'),(233,'Bloomberg'),(235,'Snapchat'),(236,'Apple'),(236,'Snapchat'),(236,'Uber'),(238,'Pocket Gems'),(238,'Yelp'),(239,'Airbnb'),(239,'Google'),(239,'Microsoft'),(240,'Bloomberg'),(240,'Facebook'),(240,'Microsoft'),(241,'Bloomberg'),(241,'LinkedIn'),(241,'Microsoft'),(243,'Snapchat'),(243,'Uber'),(244,'Bloomberg'),(244,'LinkedIn'),(244,'Microsoft'),(250,'Amazon'),(250,'Microsoft'),(251,'Microsoft'),(252,'Facebook'),(252,'LinkedIn'),(252,'Snapchat'),(252,'Uber'),(253,'Google'),(256,'Google'),(258,'Google'),(260,'Amazon'),(260,'Apple'),(260,'LinkedIn'),(260,'Microsoft'),(262,'Bloomberg'),(264,'Google'),(268,'Twitter'),(272,'Facebook'),(273,'Bloomberg'),(273,'Google'),(273,'Uber'),(275,'Facebook'),(275,'Google'),(275,'LinkedIn'),(276,'Amazon'),(277,'Bloomberg'),(277,'Facebook'),(277,'Microsoft'),(277,'Uber'),(277,'Yahoo'),(278,'Adobe'),(278,'Airbnb'),(278,'Amazon'),(278,'Apple'),(278,'Bloomberg'),(278,'Dropbox'),(278,'Facebook'),(278,'LinkedIn'),(278,'Microsoft'),(278,'Uber'),(278,'Yahoo'),(278,'Yelp'),(279,'Google'),(280,'Adobe'),(280,'Apple'),(280,'Dropbox'),(280,'Google'),(280,'Microsoft'),(280,'Yahoo'),(280,'Zenefits'),(284,'Amazon'),(284,'Bloomberg'),(284,'Facebook'),(284,'Uber'),(284,'Yelp'),(285,'Airbnb'),(285,'Apple'),(285,'Facebook'),(288,'Facebook'),(290,'Hulu'),(295,'Amazon'),(295,'Apple'),(295,'Google'),(297,'Apple'),(297,'Facebook'),(297,'Google'),(298,'Microsoft'),(299,'Facebook'),(299,'Google'),(301,'Facebook'),(303,'Amazon'),(303,'Bloomberg'),(303,'Google'),(303,'Snapchat'),(303,'Uber'),(303,'Zenefits'),(304,'Zenefits'),(305,'Google'),(306,'Google'),(307,'Amazon'),(307,'Bloomberg'),(307,'Microsoft'),(307,'Uber'),(308,'Google'),(309,'Google'),(310,'Airbnb'),(310,'Facebook'),(310,'LinkedIn'),(312,'Amazon'),(312,'Apple'),(312,'Bloomberg'),(312,'Facebook'),(312,'LinkedIn'),(312,'Microsoft'),(313,'Airbnb'),(315,'Bloomberg'),(317,'Amazon'),(317,'Uber'),(317,'Yelp'),(318,'Bloomberg'),(319,'Apple'),(319,'LinkedIn'),(319,'Uber'),(319,'Yahoo'),(321,'Airbnb'),(323,'LinkedIn'),(325,'Dropbox'),(325,'Google'),(325,'Snapchat'),(325,'Two Sigma'),(326,'Facebook'),(328,'Google'),(329,'Google'),(329,'Pocket Gems'),(334,'Snapchat'),(336,'Adobe'),(339,'Facebook'),(339,'Google'),(339,'Snapchat'),(339,'Twitter'),(339,'Two Sigma'),(342,'Microsoft'),(346,'eBay'),(347,'Bloomberg'),(347,'Facebook'),(347,'LinkedIn'),(347,'Microsoft'),(347,'Uber'),(349,'Facebook'),(351,'Amazon'),(351,'Google'),(351,'Zenefits'),(353,'Bloomberg'),(353,'Facebook'),(353,'Microsoft'),(354,'Adobe'),(354,'Airbnb'),(354,'Amazon'),(354,'Bloomberg'),(354,'Microsoft'),(357,'Facebook'),(357,'Google'),(357,'Microsoft'),(357,'Twitter'),(357,'Yelp'),(359,'LinkedIn'),(360,'Facebook'),(361,'Bloomberg'),(361,'Facebook'),(361,'Google'),(362,'Google'),(363,'Google'),(364,'Facebook'),(364,'Snapchat'),(364,'Twitter'),(364,'Uber'),(365,'Google'),(367,'LinkedIn'),(368,'Amazon'),(368,'Microsoft'),(368,'Uber'),(369,'LinkedIn'),(370,'LinkedIn'),(371,'LinkedIn'),(372,'Google'),(373,'Google'),(375,'Bloomberg'),(375,'Google'),(375,'Uber'),(377,'Google'),(377,'Uber'),(379,'Airbnb'),(379,'Google'),(379,'Twitter'),(379,'Zenefits'),(380,'Google'),(381,'Facebook'),(382,'Facebook'),(382,'Google'),(382,'Snapchat'),(383,'LinkedIn'),(383,'Uber'),(384,'Zenefits'),(385,'Facebook'),(385,'Microsoft'),(385,'Pocket Gems'),(386,'LinkedIn'),(387,'Google'),(388,'Facebook'),(389,'Google'),(390,'Facebook'),(390,'Google'),(390,'Zenefits'),(391,'Google'),(391,'Twitter'),(392,'Google'),(393,'Airbnb'),(393,'Facebook'),(393,'Google'),(393,'Pocket Gems'),(393,'Snapchat'),(393,'Twitter'),(394,'Google'),(394,'Microsoft'),(394,'Snapchat'),(395,'Google'),(396,'Google'),(397,'Facebook'),(397,'LinkedIn'),(398,'Google'),(399,'Facebook'),(399,'Google'),(400,'Google'),(401,'Dropbox'),(401,'Uber'),(402,'Google'),(403,'Google'),(404,'Twitter'),(405,'Google'),(405,'Zenefits'),(406,'Google'),(407,'Google'),(408,'Google'),(409,'Facebook'),(409,'LinkedIn'),(410,'Facebook'),(410,'Google'),(410,'Snapchat'),(411,'Google'),(412,'Facebook'),(412,'Palantir'),(413,'Microsoft'),(414,'LinkedIn'),(415,'LinkedIn'),(416,'Google'),(417,'Google'),(417,'Microsoft'),(418,'Google'),(419,'Google'),(420,'Google'),(421,'Google'),(422,'Google'),(423,'Google'),(424,'Google'),(425,'Google'),(426,'Google'),(427,'Google'),(428,'Dropbox'),(428,'Google'),(429,'LinkedIn'),(430,'Google'),(431,'Google'),(432,'Google'),(433,'Google'),(434,'Google'),(435,'Hulu'),(437,'Amazon'),(438,'Snapchat'),(439,'Pocket Gems'),(440,'Google'),(441,'GoDaddy'),(442,'Google'),(443,'Bloomberg'),(443,'Microsoft'),(444,'Google'),(445,'Baidu'),(446,'Amazon'),(447,'Uber'),(448,'Amazon'),(448,'Google');
/*!40000 ALTER TABLE `Company` ENABLE KEYS */;
UNLOCK TABLES;

--
-- Table structure for table `Metadata`
--

DROP TABLE IF EXISTS `Metadata`;
/*!40101 SET @saved_cs_client     = @@character_set_client */;
/*!40101 SET character_set_client = utf8 */;
CREATE TABLE `Metadata` (
  `id` int(11) NOT NULL DEFAULT '0',
  `priority` int(11) DEFAULT NULL,
  `last_touch` date DEFAULT NULL,
  `note` text,
  PRIMARY KEY (`id`),
  CONSTRAINT `Metadata_ibfk_1` FOREIGN KEY (`id`) REFERENCES `Questions` (`id`)
) ENGINE=InnoDB DEFAULT CHARSET=latin1;
/*!40101 SET character_set_client = @saved_cs_client */;

--
-- Dumping data for table `Metadata`
--

LOCK TABLES `Metadata` WRITE;
/*!40000 ALTER TABLE `Metadata` DISABLE KEYS */;
INSERT INTO `Metadata` VALUES (20,1,'2017-01-02',NULL),(22,1,'2017-01-03',NULL),(25,5,'2016-11-22',NULL),(26,4,'2016-12-23',NULL),(27,4,'2017-01-07',NULL),(28,5,'2016-11-06',NULL),(29,1,'2017-01-01',NULL),(30,5,'2016-12-13',NULL),(31,4,'2016-12-24',NULL),(32,2,'2016-12-26',NULL),(33,5,'2016-12-01',NULL),(34,5,'2016-10-10',NULL),(35,3,'2016-12-30',NULL),(36,5,'2016-11-26',NULL),(37,1,'2017-01-05',NULL),(38,1,'2017-01-11',NULL),(39,1,'2016-12-24',NULL),(40,1,'2016-12-19',NULL),(41,1,'2017-01-10',NULL),(42,1,'2017-01-11',NULL),(43,1,'2016-12-31',NULL),(44,1,'2017-01-08',NULL),(45,1,'2017-01-11',NULL),(46,5,'2016-10-04',NULL),(47,5,'2016-10-04',NULL),(48,1,'2016-12-27',NULL),(49,1,'2016-12-27',NULL),(50,1,'2016-12-24',NULL),(51,1,'2016-12-29',NULL),(52,1,'2016-12-22',NULL),(53,5,'2016-11-24',NULL),(54,5,'2016-10-08',NULL),(55,5,'2016-11-22',NULL),(56,5,'2016-10-16',NULL),(57,1,'2017-01-13',NULL),(58,1,'2017-01-09',NULL),(59,5,'2016-11-20',NULL),(60,5,'2016-10-08',NULL),(61,1,'2016-12-24',NULL),(62,3,'2016-12-25',NULL),(63,1,'2017-01-14',NULL),(64,5,'2016-12-02',NULL),(65,1,'2016-12-20',NULL),(66,1,'2017-01-04',NULL),(67,1,'2016-12-26',NULL),(68,1,'2016-12-20',NULL),(69,5,'2016-12-03',NULL),(70,1,'2017-01-04',NULL),(71,5,'2016-10-02',NULL),(72,1,'2017-01-12',NULL),(73,1,'2016-12-30',NULL),(74,1,'2016-12-23',NULL),(75,1,'2016-12-28',NULL),(76,4,'2017-01-03',NULL),(77,1,'2017-01-03',NULL),(78,1,'2016-12-27',NULL),(79,1,'2016-12-31',NULL),(80,1,'2017-01-02',NULL),(81,5,'2016-10-09',NULL),(82,5,'2016-10-20',NULL),(83,5,'2016-10-16',NULL),(84,5,'2016-11-10',NULL),(85,5,'2016-11-01',NULL),(86,1,'2017-01-01',NULL),(87,4,'2016-12-24',NULL),(88,1,'2016-12-19',NULL),(89,1,'2016-12-31',NULL),(90,5,'2016-10-03',NULL),(91,5,'2016-12-10',NULL),(92,5,'2016-11-18',NULL),(93,5,'2016-12-07',NULL),(94,5,'2016-12-14',NULL),(95,1,'2017-01-14',NULL),(96,5,'2016-11-03',NULL),(97,5,'2016-11-14',NULL),(98,1,'2016-12-24',NULL),(99,5,'2016-10-04',NULL),(100,1,'2017-01-08',NULL),(101,1,'2017-01-09',NULL),(102,5,'2016-11-17',NULL),(103,2,'2017-01-08',NULL),(104,2,'2016-12-16','Start from end point'),(105,5,'2016-10-07',NULL),(106,5,'2016-10-12',NULL),(107,5,'2016-12-04',NULL),(108,1,'2017-01-07',NULL),(109,1,'2016-12-25',NULL),(110,5,'2016-10-10',NULL),(111,1,'2017-01-01',NULL),(112,5,'2016-11-14',NULL),(113,2,'2016-12-28',NULL),(114,5,'2016-10-06',NULL),(115,1,'2016-12-26',NULL),(116,4,'2017-01-07',NULL),(117,5,'2016-11-05',NULL),(118,5,'2016-11-23',NULL),(119,1,'2017-01-12',NULL),(120,5,'2016-11-26',NULL),(121,1,'2016-12-24',NULL),(122,1,'2017-01-14',NULL),(123,5,'2016-10-16',NULL),(124,5,'2016-10-31',NULL),(125,5,'2016-12-10',NULL),(126,1,'2017-01-04',NULL),(127,5,'2016-11-10',NULL),(128,3,'2016-12-31',NULL),(129,5,'2016-10-02',NULL),(130,1,'2016-12-17',NULL),(131,1,'2016-12-19',NULL),(132,2,'2016-12-31',NULL),(133,1,'2017-01-02',NULL),(134,5,'2016-10-18',NULL),(135,5,'2016-11-24',NULL),(136,1,'2017-01-10',NULL),(137,1,'2017-01-05',NULL),(138,5,'2016-10-20',NULL),(139,1,'2017-01-08',NULL),(140,5,'2016-10-19',NULL),(141,5,'2016-10-02',NULL),(142,1,'2016-12-25',NULL),(143,5,'2016-12-03',NULL),(144,1,'2016-12-25',NULL),(145,4,'2017-01-08',NULL),(146,5,'2016-10-31',NULL),(147,1,'2016-12-18',NULL),(148,1,'2017-01-07',NULL),(149,5,'2016-12-10',NULL),(150,5,'2016-10-16',NULL),(151,1,'2017-01-12',NULL),(152,1,'2017-01-13',NULL),(153,5,'2016-10-14',NULL),(154,1,'2016-12-24',NULL),(155,2,'2017-01-14',NULL),(156,3,'2017-01-07',NULL),(157,5,'2016-11-26',NULL),(158,1,'2017-01-14',NULL),(159,5,'2016-11-27',NULL),(160,5,'2016-12-10',NULL),(161,1,'2017-01-10',NULL),(162,1,'2017-01-03',NULL),(163,5,'2016-11-08',NULL),(164,5,'2016-12-04',NULL),(165,3,'2016-12-30',NULL),(166,1,'2016-12-31',NULL),(167,2,'2016-12-20',NULL),(168,5,'2016-11-06',NULL),(169,2,'2016-12-17',NULL),(170,2,'2017-01-02',NULL),(171,1,'2017-01-12',NULL),(172,1,'2017-01-02',NULL),(173,1,'2017-01-03',NULL),(174,1,'2016-12-31',NULL),(175,1,'2016-12-26',NULL),(176,5,'2016-11-28',NULL),(177,1,'2017-01-14',NULL),(178,1,'2016-12-24',NULL),(179,2,'2016-12-28',NULL),(180,1,'2016-12-31',NULL),(181,5,'2016-12-07',NULL),(182,1,'2017-01-08',NULL),(183,5,'2016-12-07',NULL),(184,5,'2016-11-17',NULL),(185,1,'2017-01-14',NULL),(186,4,'2017-01-02',NULL),(187,5,'2016-11-22',NULL),(188,1,'2016-12-26',NULL),(189,1,'2016-12-17',NULL),(190,1,'2017-01-11',NULL),(191,1,'2017-01-03',NULL),(192,1,'2016-12-16',''),(193,1,'2016-12-26',NULL),(194,2,'2016-12-18',NULL),(195,1,'2017-01-05',NULL),(196,2,'2016-12-22',NULL),(197,5,'2016-12-04',NULL),(198,1,'2017-01-09',NULL),(199,1,'2016-12-24',NULL),(200,1,'2016-12-18',NULL),(201,1,'2017-01-14',NULL),(202,5,'2016-10-10',NULL),(203,1,'2016-12-23',NULL),(204,1,'2017-01-13',NULL),(205,5,'2016-12-07',NULL),(206,1,'2017-01-08',NULL),(207,1,'2016-12-22',NULL),(208,1,'2016-12-29',NULL),(209,1,'2016-12-19',NULL),(210,1,'2017-01-07',NULL),(211,4,'2016-12-27',NULL),(212,1,'2017-01-05',NULL),(213,5,'2016-11-17',NULL),(214,5,'2016-11-01',NULL),(215,1,'2017-01-09',NULL),(216,2,'2016-12-22',NULL),(217,5,'2016-12-01',NULL),(218,2,'2016-12-26',NULL),(219,1,'2016-12-20',NULL),(220,5,'2016-10-07',NULL),(221,5,'2016-11-30',NULL),(222,5,'2016-10-10',NULL),(223,2,'2016-12-17',NULL),(224,1,'2016-12-24',NULL),(225,5,'2016-10-16',NULL),(226,1,'2017-01-08',NULL),(227,1,'2017-01-02',NULL),(228,5,'2016-11-23',NULL),(229,4,'2017-01-05',NULL),(230,5,'2016-11-03',NULL),(231,1,'2016-12-31',NULL),(232,1,'2017-01-01',NULL),(233,1,'2016-12-28',NULL),(234,5,'2016-10-13',NULL),(235,1,'2016-12-24',NULL),(236,1,'2017-01-09',NULL),(237,1,'2016-12-31',NULL),(238,1,'2016-12-31',NULL),(239,2,'2017-01-13',NULL),(240,1,'2017-01-08',NULL),(241,1,'2017-01-11',NULL),(242,5,'2016-12-01',NULL),(243,1,'2016-12-24',NULL),(244,1,'2017-01-14',NULL),(245,1,'2016-12-16',''),(246,2,'2016-12-16','Bucket Sort'),(247,5,'2016-12-13',NULL),(248,1,'2016-12-30',NULL),(249,1,'2017-01-09',NULL),(250,1,'2017-01-12',NULL),(251,4,'2017-01-03',NULL),(252,3,'2016-12-17',NULL),(253,3,'2016-12-27',NULL),(254,5,'2016-12-07',NULL),(255,1,'2016-12-25',NULL),(256,3,'2016-12-26',NULL),(257,5,'2016-10-04',NULL),(258,2,'2017-01-05',NULL),(259,5,'2016-12-05',NULL),(260,1,'2016-12-30',NULL),(261,5,'2016-10-08',NULL),(262,1,'2017-01-14',NULL),(263,1,'2017-01-08',NULL),(264,4,'2016-12-28',NULL),(265,5,'2016-10-19',NULL),(266,5,'2016-10-19',NULL),(267,5,'2016-10-22',NULL),(268,2,'2017-01-02',NULL),(269,5,'2016-12-01',NULL),(270,1,'2017-01-10',NULL),(271,5,'2016-11-03',NULL),(272,1,'2016-12-23',NULL),(273,1,'2016-12-25',NULL),(274,1,'2016-12-19',NULL),(275,1,'2016-12-23',NULL),(276,1,'2016-12-19',NULL),(277,1,'2016-12-31',NULL),(278,1,'2016-12-19',NULL),(279,4,'2016-12-31',NULL),(280,2,'2016-12-28',NULL),(281,5,'2016-10-25',NULL),(282,1,'2017-01-14',NULL),(283,1,'2016-12-19',NULL),(284,1,'2016-12-21',NULL),(285,1,'2017-01-14',NULL),(286,5,'2016-12-03',NULL),(287,5,'2016-11-02',NULL),(288,1,'2017-01-14',NULL),(289,2,'2016-12-25',NULL),(290,2,'2017-01-04',NULL),(291,5,'2016-10-08',NULL),(292,5,'2016-12-05',NULL),(293,5,'2016-12-03',NULL),(294,1,'2017-01-13',NULL),(295,1,'2017-01-13',NULL),(296,1,'2016-12-18',NULL),(297,1,'2017-01-12',NULL),(298,1,'2016-12-31',NULL),(299,4,'2016-12-23',NULL),(300,5,'2016-10-04',NULL),(301,2,'2017-01-05',NULL),(302,1,'2017-01-13',NULL),(303,1,'2016-12-18',NULL),(304,1,'2017-01-10',NULL),(305,2,'2016-12-25',NULL),(306,1,'2016-12-22',NULL),(307,1,'2016-12-28',NULL),(308,4,'2016-12-31',NULL),(309,2,'2017-01-01',NULL),(310,1,'2017-01-11',NULL),(311,3,'2017-01-11',NULL),(312,1,'2017-01-04',NULL),(313,2,'2016-12-23',NULL),(314,5,'2016-11-26',NULL),(315,1,'2016-12-16',''),(316,5,'2016-10-04',NULL),(317,1,'2016-12-21',NULL),(318,1,'2017-01-03',NULL),(319,1,'2017-01-04',NULL),(320,5,'2016-10-09',NULL),(321,1,'2017-01-12',NULL),(322,3,'2017-01-04',NULL),(323,3,'2016-12-18',NULL),(324,5,'2016-10-02',NULL),(325,1,'2017-01-12',NULL),(326,1,'2016-12-31',NULL),(327,1,'2016-12-20',NULL),(328,4,'2016-12-28',NULL),(329,2,'2016-12-21',NULL),(330,5,'2016-11-26',NULL),(331,1,'2017-01-04',NULL),(332,5,'2016-11-22',NULL),(333,4,'2017-01-01',NULL),(334,1,'2016-12-22',NULL),(335,1,'2016-12-24',NULL),(336,1,'2017-01-01',NULL),(337,5,'2016-12-10',NULL),(338,2,'2016-12-17',NULL),(339,3,'2016-12-31',NULL),(340,5,'2016-11-06',NULL),(341,1,'2017-01-14',NULL),(342,1,'2017-01-10',NULL),(343,1,'2016-12-24',NULL),(344,5,'2016-12-03',NULL),(345,5,'2016-10-15',NULL),(346,4,'2017-01-08',NULL),(347,1,'2017-01-09',NULL),(348,5,'2016-12-03',NULL),(349,1,'2017-01-14',NULL),(350,5,'2016-12-10',NULL),(351,2,'2016-12-17',NULL),(352,5,'2016-10-16',NULL),(353,1,'2017-01-14',NULL),(354,1,'2016-12-23',NULL),(355,5,'2016-12-14',NULL),(356,3,'2016-12-19',NULL),(357,3,'2016-12-22',NULL),(358,2,'2017-01-08',NULL),(359,1,'2016-12-15',NULL),(360,3,'2016-12-17',NULL),(361,3,'2016-12-17',NULL),(362,1,'2016-12-17',NULL),(363,1,'2016-12-17',NULL),(364,1,'2016-12-18',NULL),(365,1,'2016-12-18',NULL),(366,1,'2016-12-19',NULL),(367,1,'2016-12-19',NULL),(368,1,'2016-12-19',NULL),(369,1,'2016-12-19',NULL),(370,1,'2016-12-19',NULL),(371,1,'2016-12-19',NULL),(372,1,'2016-12-20',NULL),(373,1,'2016-12-20',NULL),(374,2,'2016-12-20',NULL),(375,1,'2016-12-20',NULL),(376,1,'2016-12-20',NULL),(377,1,'2016-12-21',NULL),(378,1,'2016-12-21',NULL),(379,2,'2016-12-22',NULL),(380,1,'2016-12-22',NULL),(381,1,'2016-12-23',NULL),(382,1,'2016-12-23',NULL),(383,1,'2016-12-24',NULL),(384,1,'2016-12-25',NULL),(385,1,'2016-12-25',NULL),(386,1,'2016-12-26',NULL),(387,2,'2016-12-26',NULL),(388,2,'2016-12-26',NULL),(389,1,'2016-12-27',NULL),(390,1,'2016-12-27',NULL),(391,1,'2016-12-27',NULL),(392,2,'2016-12-27',NULL),(393,3,'2016-12-28',NULL),(394,1,'2016-12-28',NULL),(395,1,'2016-12-29',NULL),(396,1,'2016-12-29',NULL),(397,2,'2016-12-31',NULL),(398,1,'2016-12-31',NULL),(399,1,'2016-12-31',NULL),(400,1,'2016-12-31',NULL),(401,1,'2017-01-01',NULL),(402,1,'2017-01-01',NULL),(403,1,'2017-01-01',NULL),(404,2,'2017-01-02',NULL),(405,2,'2017-01-02',NULL),(406,1,'2017-01-03',NULL),(407,1,'2017-01-03',NULL),(408,2,'2017-01-04',NULL),(409,1,'2017-01-04',NULL),(410,1,'2017-01-04',NULL),(411,1,'2017-01-05',NULL),(412,1,'2017-01-05',NULL),(413,1,'2017-01-05',NULL),(414,1,'2017-01-06',NULL),(415,1,'2017-01-06',NULL),(416,1,'2017-01-06',NULL),(417,1,'2017-01-07',NULL),(418,1,'2017-01-07',NULL),(419,1,'2017-01-07',NULL),(420,2,'2017-01-07',NULL),(421,2,'2017-01-08',NULL),(422,1,'2017-01-08',NULL),(423,4,'2017-01-08',NULL),(424,1,'2017-01-08',NULL),(425,1,'2017-01-09',NULL),(426,1,'2017-01-09',NULL),(427,1,'2017-01-09',NULL),(428,1,'2017-01-10',NULL),(429,1,'2017-01-10',NULL),(430,1,'2017-01-10',NULL),(431,2,'2017-01-10',NULL),(432,1,'2017-01-11',NULL),(433,1,'2017-01-11',NULL),(434,1,'2017-01-11',NULL),(435,4,'2017-01-11',NULL),(436,1,'2017-01-12',NULL),(437,1,'2017-01-12',NULL),(438,1,'2017-01-12',NULL),(439,1,'2017-01-12',NULL),(440,1,'2017-01-12',NULL),(441,1,'2017-01-12',NULL),(442,2,'2017-01-13',NULL),(443,1,'2017-01-13',NULL),(444,2,'2017-01-13',NULL),(445,4,'2017-01-14',NULL),(446,1,'2017-01-14',NULL),(447,1,'2017-01-14',NULL),(448,1,'2017-01-14',NULL);
/*!40000 ALTER TABLE `Metadata` ENABLE KEYS */;
UNLOCK TABLES;

--
-- Table structure for table `Questions`
--

DROP TABLE IF EXISTS `Questions`;
/*!40101 SET @saved_cs_client     = @@character_set_client */;
/*!40101 SET character_set_client = utf8 */;
CREATE TABLE `Questions` (
  `id` int(11) NOT NULL AUTO_INCREMENT,
  `url` varchar(255) NOT NULL,
  `name` varchar(200) DEFAULT NULL,
  `qid` int(11) DEFAULT NULL,
  `difficulty` varchar(20) DEFAULT NULL,
  PRIMARY KEY (`id`),
  UNIQUE KEY `url` (`url`)
) ENGINE=InnoDB AUTO_INCREMENT=449 DEFAULT CHARSET=latin1;
/*!40101 SET character_set_client = @saved_cs_client */;

--
-- Dumping data for table `Questions`
--

LOCK TABLES `Questions` WRITE;
/*!40000 ALTER TABLE `Questions` DISABLE KEYS */;
INSERT INTO `Questions` VALUES (20,'https://leetcode.com/problems/trapping-rain-water/','Trapping Rain Water',42,'Hard'),(22,'https://leetcode.com/problems/longest-consecutive-sequence/','Longest Consecutive Sequence',128,'Hard'),(25,'https://leetcode.com/problems/coin-change/','Coin Change',322,'Medium'),(26,'https://leetcode.com/problems/find-the-duplicate-number/','Find the Duplicate Number',287,'Hard'),(27,'https://leetcode.com/problems/evaluate-division/','Evaluate Division',399,'Medium'),(28,'https://leetcode.com/problems/number-of-digit-one/','Number of Digit One',233,'Hard'),(29,'https://leetcode.com/problems/guess-number-higher-or-lower/','Guess Number Higher or Lower',374,'Easy'),(30,'https://leetcode.com/problems/all-oone-data-structure/','All O`one Data Structure',432,'Hard'),(31,'https://leetcode.com/problems/first-missing-positive/','First Missing Positive',41,'Hard'),(32,'https://leetcode.com/problems/burst-balloons/','Burst Balloons',312,'Hard'),(33,'https://leetcode.com/problems/insert-delete-getrandom-o1/','Insert Delete GetRandom O(1)',380,'Hard'),(34,'https://leetcode.com/problems/word-break-ii/','Word Break II',140,'Hard'),(35,'https://leetcode.com/problems/create-maximum-number/','Create Maximum Number',321,'Hard'),(36,'https://leetcode.com/problems/intersection-of-two-arrays/','Intersection of Two Arrays',349,'Easy'),(37,'https://leetcode.com/problems/subsets/','Subsets',78,'Medium'),(38,'https://leetcode.com/problems/climbing-stairs/','Climbing Stairs',70,'Easy'),(39,'https://leetcode.com/problems/find-the-difference/','Find the Difference',389,'Easy'),(40,'https://leetcode.com/problems/best-time-to-buy-and-sell-stock/','Best Time to Buy and Sell Stock',121,'Easy'),(41,'https://leetcode.com/problems/rotate-image/','Rotate Image',48,'Medium'),(42,'https://leetcode.com/problems/spiral-matrix-ii/','Spiral Matrix II',59,'Medium'),(43,'https://leetcode.com/problems/palindrome-number/','Palindrome Number',9,'Easy'),(44,'https://leetcode.com/problems/move-zeroes/','Move Zeroes',283,'Easy'),(45,'https://leetcode.com/problems/spiral-matrix/','Spiral Matrix',54,'Medium'),(46,'https://leetcode.com/problems/populating-next-right-pointers-in-each-node/','Populating Next Right Pointers in Each Node',116,'Medium'),(47,'https://leetcode.com/problems/triangle/','Triangle',120,'Medium'),(48,'https://leetcode.com/problems/surrounded-regions/','Surrounded Regions',130,'Medium'),(49,'https://leetcode.com/problems/number-of-islands/','Number of Islands',200,'Medium'),(50,'https://leetcode.com/problems/single-number-iii/','Single Number III',260,'Medium'),(51,'https://leetcode.com/problems/serialize-and-deserialize-binary-tree/','Serialize and Deserialize Binary Tree',297,'Hard'),(52,'https://leetcode.com/problems/peeking-iterator/','Peeking Iterator',284,'Medium'),(53,'https://leetcode.com/problems/counting-bits/','Counting Bits',338,'Medium'),(54,'https://leetcode.com/problems/clone-graph/','Clone Graph',133,'Medium'),(55,'https://leetcode.com/problems/longest-increasing-path-in-a-matrix/','Longest Increasing Path in a Matrix',329,'Hard'),(56,'https://leetcode.com/problems/compare-version-numbers/','Compare Version Numbers',165,'Easy'),(57,'https://leetcode.com/problems/remove-duplicates-from-sorted-list-ii/','Remove Duplicates from Sorted List II',82,'Medium'),(58,'https://leetcode.com/problems/sudoku-solver/','Sudoku Solver',37,'Hard'),(59,'https://leetcode.com/problems/bulb-switcher/','Bulb Switcher',319,'Medium'),(60,'https://leetcode.com/problems/palindrome-partitioning-ii/','Palindrome Partitioning II',132,'Hard'),(61,'https://leetcode.com/problems/missing-number/','Missing Number',268,'Medium'),(62,'https://leetcode.com/problems/course-schedule/','Course Schedule',207,'Medium'),(63,'https://leetcode.com/problems/interleaving-string/','Interleaving String',97,'Hard'),(64,'https://leetcode.com/problems/ransom-note/','Ransom Note',383,'Easy'),(65,'https://leetcode.com/problems/longest-palindromic-substring/','Longest Palindromic Substring',5,'Medium'),(66,'https://leetcode.com/problems/balanced-binary-tree/','Balanced Binary Tree',110,'Easy'),(67,'https://leetcode.com/problems/house-robber/','House Robber',198,'Easy'),(68,'https://leetcode.com/problems/implement-strstr/','Implement strStr()',28,'Easy'),(69,'https://leetcode.com/problems/lexicographical-numbers/','Lexicographical Numbers',386,'Medium'),(70,'https://leetcode.com/problems/binary-tree-zigzag-level-order-traversal/','Binary Tree Zigzag Level Order Traversal',103,'Medium'),(71,'https://leetcode.com/problems/convert-sorted-list-to-binary-search-tree/','Convert Sorted List to Binary Search Tree',109,'Medium'),(72,'https://leetcode.com/problems/path-sum/','Path Sum',112,'Easy'),(73,'https://leetcode.com/problems/sort-colors/','Sort Colors',75,'Medium'),(74,'https://leetcode.com/problems/evaluate-reverse-polish-notation/','Evaluate Reverse Polish Notation',150,'Medium'),(75,'https://leetcode.com/problems/zigzag-conversion/','ZigZag Conversion',6,'Easy'),(76,'https://leetcode.com/problems/max-sum-of-sub-matrix-no-larger-than-k/','Max Sum of Rectangle No Larger Than K',363,'Hard'),(77,'https://leetcode.com/problems/longest-common-prefix/','Longest Common Prefix',14,'Easy'),(78,'https://leetcode.com/problems/queue-reconstruction-by-height/','Queue Reconstruction by Height',406,'Medium'),(79,'https://leetcode.com/problems/integer-to-roman/','Integer to Roman',12,'Medium'),(80,'https://leetcode.com/problems/permutations/','Permutations',46,'Medium'),(81,'https://leetcode.com/problems/word-break/','Word Break',139,'Medium'),(82,'https://leetcode.com/problems/bitwise-and-of-numbers-range/','Bitwise AND of Numbers Range',201,'Medium'),(83,'https://leetcode.com/problems/fraction-to-recurring-decimal/','Fraction to Recurring Decimal',166,'Medium'),(84,'https://leetcode.com/problems/h-index/','H-Index',274,'Medium'),(85,'https://leetcode.com/problems/contains-duplicate-ii/','Contains Duplicate II',219,'Easy'),(86,'https://leetcode.com/problems/word-pattern/','Word Pattern',290,'Easy'),(87,'https://leetcode.com/problems/range-sum-query-mutable/','Range Sum Query - Mutable',307,'Medium'),(88,'https://leetcode.com/problems/rotate-array/','Rotate Array',189,'Easy'),(89,'https://leetcode.com/problems/third-maximum-number/','Third Maximum Number',414,'Easy'),(90,'https://leetcode.com/problems/flatten-binary-tree-to-linked-list/','Flatten Binary Tree to Linked List',114,'Medium'),(91,'https://leetcode.com/problems/battleships-in-a-board/','Battleships in a Board',419,'Medium'),(92,'https://leetcode.com/problems/additive-number/','Additive Number',306,'Medium'),(93,'https://leetcode.com/problems/binary-watch/','Binary Watch',401,'Easy'),(94,'https://leetcode.com/problems/power-of-two/','Power of Two',231,'Easy'),(95,'https://leetcode.com/problems/partition-list/','Partition List',86,'Medium'),(96,'https://leetcode.com/problems/implement-stack-using-queues/','Implement Stack using Queues',225,'Easy'),(97,'https://leetcode.com/problems/h-index-ii/','H-Index II',275,'Medium'),(98,'https://leetcode.com/problems/letter-combinations-of-a-phone-number/','Letter Combinations of a Phone Number',17,'Medium'),(99,'https://leetcode.com/problems/populating-next-right-pointers-in-each-node-ii/','Populating Next Right Pointers in Each Node II',117,'Hard'),(100,'https://leetcode.com/problems/remove-element/','Remove Element',27,'Easy'),(101,'https://leetcode.com/problems/search-insert-position/','Search Insert Position',35,'Medium'),(102,'https://leetcode.com/problems/remove-invalid-parentheses/','Remove Invalid Parentheses',301,'Hard'),(103,'https://leetcode.com/problems/max-points-on-a-line/','Max Points on a Line',149,'Hard'),(104,'https://leetcode.com/problems/dungeon-game/','Dungeon Game',174,'Hard'),(105,'https://leetcode.com/problems/word-ladder/','Word Ladder',127,'Medium'),(106,'https://leetcode.com/problems/insertion-sort-list/','Insertion Sort List',147,'Medium'),(107,'https://leetcode.com/problems/decode-string/','Decode String',394,'Medium'),(108,'https://leetcode.com/problems/merge-k-sorted-lists/','Merge k Sorted Lists',23,'Hard'),(109,'https://leetcode.com/problems/validate-binary-search-tree/','Validate Binary Search Tree',98,'Medium'),(110,'https://leetcode.com/problems/linked-list-cycle/','Linked List Cycle',141,'Easy'),(111,'https://leetcode.com/problems/isomorphic-strings/','Isomorphic Strings',205,'Easy'),(112,'https://leetcode.com/problems/perfect-squares/','Perfect Squares',279,'Medium'),(113,'https://leetcode.com/problems/count-complete-tree-nodes/','Count Complete Tree Nodes',222,'Medium'),(114,'https://leetcode.com/problems/word-ladder-ii/','Word Ladder II',126,'Hard'),(115,'https://leetcode.com/problems/house-robber-ii/','House Robber II',213,'Medium'),(116,'https://leetcode.com/problems/split-array-largest-sum/','Split Array Largest Sum',410,'Hard'),(117,'https://leetcode.com/problems/implement-queue-using-stacks/','Implement Queue using Stacks',232,'Easy'),(118,'https://leetcode.com/problems/verify-preorder-serialization-of-a-binary-tree/','Verify Preorder Serialization of a Binary Tree',331,'Medium'),(119,'https://leetcode.com/problems/binary-tree-maximum-path-sum/','Binary Tree Maximum Path Sum',124,'Hard'),(120,'https://leetcode.com/problems/integer-break/','Integer Break',343,'Medium'),(121,'https://leetcode.com/problems/combination-sum-iii/','Combination Sum III',216,'Medium'),(122,'https://leetcode.com/problems/restore-ip-addresses/','Restore IP Addresses',93,'Medium'),(123,'https://leetcode.com/problems/factorial-trailing-zeroes/','Factorial Trailing Zeroes',172,'Easy'),(124,'https://leetcode.com/problems/contains-duplicate/','Contains Duplicate',217,'Easy'),(125,'https://leetcode.com/problems/add-strings/','Add Strings',415,'Easy'),(126,'https://leetcode.com/problems/minimum-depth-of-binary-tree/','Minimum Depth of Binary Tree',111,'Easy'),(127,'https://leetcode.com/problems/integer-to-english-words/','Integer to English Words',273,'Hard'),(128,'https://leetcode.com/problems/regular-expression-matching/','Regular Expression Matching',10,'Hard'),(129,'https://leetcode.com/problems/construct-binary-tree-from-preorder-and-inorder-traversal/','Construct Binary Tree from Preorder and Inorder Traversal',105,'Medium'),(130,'https://leetcode.com/problems/minimum-size-subarray-sum/','Minimum Size Subarray Sum',209,'Medium'),(131,'https://leetcode.com/problems/reverse-words-in-a-string/','Reverse Words in a String',151,'Medium'),(132,'https://leetcode.com/problems/kth-largest-element-in-an-array/','Kth Largest Element in an Array',215,'Medium'),(133,'https://leetcode.com/problems/container-with-most-water/','Container With Most Water',11,'Medium'),(134,'https://leetcode.com/problems/repeated-dna-sequences/','Repeated DNA Sequences',187,'Medium'),(135,'https://leetcode.com/problems/power-of-four/','Power of Four',342,'Easy'),(136,'https://leetcode.com/problems/n-queens/','N-Queens',51,'Hard'),(137,'https://leetcode.com/problems/powx-n/','Pow(x, n)',50,'Medium'),(138,'https://leetcode.com/problems/happy-number/','Happy Number',202,'Easy'),(139,'https://leetcode.com/problems/delete-node-in-a-linked-list/','Delete Node in a Linked List',237,'Easy'),(140,'https://leetcode.com/problems/number-of-1-bits/','Number of 1 Bits',191,'Easy'),(141,'https://leetcode.com/problems/convert-sorted-array-to-binary-search-tree/','Convert Sorted Array to Binary Search Tree',108,'Medium'),(142,'https://leetcode.com/problems/binary-search-tree-iterator/','Binary Search Tree Iterator',173,'Medium'),(143,'https://leetcode.com/problems/elimination-game/','Elimination Game',390,'Medium'),(144,'https://leetcode.com/problems/binary-tree-inorder-traversal/','Binary Tree Inorder Traversal',94,'Medium'),(145,'https://leetcode.com/problems/maximum-xor-of-two-numbers-in-an-array/','Maximum XOR of Two Numbers in an Array',421,'Medium'),(146,'https://leetcode.com/problems/implement-trie-prefix-tree/','Implement Trie (Prefix Tree)',208,'Medium'),(147,'https://leetcode.com/problems/summary-ranges/','Summary Ranges',228,'Medium'),(148,'https://leetcode.com/problems/reverse-nodes-in-k-group/','Reverse Nodes in k-Group',25,'Hard'),(149,'https://leetcode.com/problems/strong-password-checker/','Strong Password Checker',420,'Hard'),(150,'https://leetcode.com/problems/majority-element/','Majority Element',169,'Easy'),(151,'https://leetcode.com/problems/path-sum-ii/','Path Sum II',113,'Medium'),(152,'https://leetcode.com/problems/word-search/','Word Search',79,'Medium'),(153,'https://leetcode.com/problems/intersection-of-two-linked-lists/','Intersection of Two Linked Lists',160,'Easy'),(154,'https://leetcode.com/problems/combination-sum-iv/','Combination Sum IV',377,'Medium'),(155,'https://leetcode.com/problems/arithmetic-slices/','Arithmetic Slices',413,'Medium'),(156,'https://leetcode.com/problems/trapping-rain-water-ii/','Trapping Rain Water II',407,'Hard'),(157,'https://leetcode.com/problems/reverse-vowels-of-a-string/','Reverse Vowels of a String',345,'Easy'),(158,'https://leetcode.com/problems/lru-cache/','LRU Cache',146,'Hard'),(159,'https://leetcode.com/problems/design-twitter/','Design Twitter',355,'Medium'),(160,'https://leetcode.com/problems/longest-palindrome/','Longest Palindrome',409,'Easy'),(161,'https://leetcode.com/problems/plus-one/','Plus One',66,'Easy'),(162,'https://leetcode.com/problems/generate-parentheses/','Generate Parentheses',22,'Medium'),(163,'https://leetcode.com/problems/add-digits/','Add Digits',258,'Easy'),(164,'https://leetcode.com/problems/is-subsequence/','Is Subsequence',392,'Medium'),(165,'https://leetcode.com/problems/remove-k-digits/','Remove K Digits',402,'Medium'),(166,'https://leetcode.com/problems/valid-palindrome/','Valid Palindrome',125,'Easy'),(167,'https://leetcode.com/problems/best-time-to-buy-and-sell-stock-with-cooldown/','Best Time to Buy and Sell Stock with Cooldown',309,'Medium'),(168,'https://leetcode.com/problems/lowest-common-ancestor-of-a-binary-tree/','Lowest Common Ancestor of a Binary Tree',236,'Medium'),(169,'https://leetcode.com/problems/longest-repeating-character-replacement/','Longest Repeating Character Replacement',424,'Medium'),(170,'https://leetcode.com/problems/count-numbers-with-unique-digits/','Count Numbers with Unique Digits',357,'Medium'),(171,'https://leetcode.com/problems/sum-root-to-leaf-numbers/','Sum Root to Leaf Numbers',129,'Medium'),(172,'https://leetcode.com/problems/next-permutation/','Next Permutation',31,'Medium'),(173,'https://leetcode.com/problems/valid-parentheses/','Valid Parentheses',20,'Easy'),(174,'https://leetcode.com/problems/reverse-linked-list/','Reverse Linked List',206,'Easy'),(175,'https://leetcode.com/problems/house-robber-iii/','House Robber III',337,'Medium'),(176,'https://leetcode.com/problems/largest-divisible-subset/','Largest Divisible Subset',368,'Medium'),(177,'https://leetcode.com/problems/scramble-string/','Scramble String',87,'Hard'),(178,'https://leetcode.com/problems/combinations/','Combinations',77,'Medium'),(179,'https://leetcode.com/problems/valid-number/','Valid Number',65,'Hard'),(180,'https://leetcode.com/problems/palindrome-linked-list/','Palindrome Linked List',234,'Easy'),(181,'https://leetcode.com/problems/sum-of-left-leaves/','Sum of Left Leaves',404,'Easy'),(182,'https://leetcode.com/problems/remove-linked-list-elements/','Remove Linked List Elements',203,'Easy'),(183,'https://leetcode.com/problems/convert-a-number-to-hexadecimal/','Convert a Number to Hexadecimal',405,'Easy'),(184,'https://leetcode.com/problems/find-median-from-data-stream/','Find Median from Data Stream',295,'Hard'),(185,'https://leetcode.com/problems/gray-code/','Gray Code',89,'Medium'),(186,'https://leetcode.com/problems/palindrome-pairs/','Palindrome Pairs',336,'Hard'),(187,'https://leetcode.com/problems/power-of-three/','Power of Three',326,'Easy'),(188,'https://leetcode.com/problems/ugly-number/','Ugly Number',263,'Easy'),(189,'https://leetcode.com/problems/longest-substring-without-repeating-characters/','Longest Substring Without Repeating Characters',3,'Medium'),(190,'https://leetcode.com/problems/simplify-path/','Simplify Path',71,'Medium'),(191,'https://leetcode.com/problems/remove-nth-node-from-end-of-list/','Remove Nth Node From End of List',19,'Easy'),(192,'https://leetcode.com/problems/unique-paths/','Unique Paths',62,'Medium'),(193,'https://leetcode.com/problems/ugly-number-ii/','Ugly Number II',264,'Medium'),(194,'https://leetcode.com/problems/product-of-array-except-self/','Product of Array Except Self',238,'Medium'),(195,'https://leetcode.com/problems/sqrtx/','Sqrt(x)',69,'Medium'),(196,'https://leetcode.com/problems/different-ways-to-add-parentheses/','Different Ways to Add Parentheses',241,'Medium'),(197,'https://leetcode.com/problems/utf-8-validation/','UTF-8 Validation',393,'Medium'),(198,'https://leetcode.com/problems/search-for-a-range/','Search for a Range',34,'Medium'),(199,'https://leetcode.com/problems/single-number/','Single Number',136,'Easy'),(200,'https://leetcode.com/problems/edit-distance/','Edit Distance',72,'Hard'),(201,'https://leetcode.com/problems/decode-ways/','Decode Ways',91,'Medium'),(202,'https://leetcode.com/problems/linked-list-cycle-ii/','Linked List Cycle II',142,'Medium'),(203,'https://leetcode.com/problems/merge-intervals/','Merge Intervals',56,'Hard'),(204,'https://leetcode.com/problems/remove-duplicates-from-sorted-array-ii/','Remove Duplicates from Sorted Array II',80,'Medium'),(205,'https://leetcode.com/problems/nth-digit/','Nth Digit',400,'Easy'),(206,'https://leetcode.com/problems/multiply-strings/','Multiply Strings',43,'Medium'),(207,'https://leetcode.com/problems/unique-binary-search-trees-ii/','Unique Binary Search Trees II',95,'Medium'),(208,'https://leetcode.com/problems/count-and-say/','Count and Say',38,'Easy'),(209,'https://leetcode.com/problems/3sum/','3Sum',15,'Medium'),(210,'https://leetcode.com/problems/swap-nodes-in-pairs/','Swap Nodes in Pairs',24,'Easy'),(211,'https://leetcode.com/problems/count-of-smaller-numbers-after-self/','Count of Smaller Numbers After Self',315,'Hard'),(212,'https://leetcode.com/problems/valid-perfect-square/','Valid Perfect Square',367,'Medium'),(213,'https://leetcode.com/problems/bulls-and-cows/','Bulls and Cows',299,'Easy'),(214,'https://leetcode.com/problems/contains-duplicate-iii/','Contains Duplicate III',220,'Medium'),(215,'https://leetcode.com/problems/find-minimum-in-rotated-sorted-array/','Find Minimum in Rotated Sorted Array',153,'Medium'),(216,'https://leetcode.com/problems/flatten-nested-list-iterator/','Flatten Nested List Iterator',341,'Medium'),(217,'https://leetcode.com/problems/insert-delete-getrandom-o1-duplicates-allowed/','Insert Delete GetRandom O(1) - Duplicates allowed',381,'Hard'),(218,'https://leetcode.com/problems/course-schedule-ii/','Course Schedule II',210,'Medium'),(219,'https://leetcode.com/problems/best-time-to-buy-and-sell-stock-ii/','Best Time to Buy and Sell Stock II',122,'Medium'),(220,'https://leetcode.com/problems/palindrome-partitioning/','Palindrome Partitioning',131,'Medium'),(221,'https://leetcode.com/problems/find-k-pairs-with-smallest-sums/','Find K Pairs with Smallest Sums',373,'Medium'),(222,'https://leetcode.com/problems/reorder-list/','Reorder List',143,'Medium'),(223,'https://leetcode.com/problems/largest-number/','Largest Number',179,'Medium'),(224,'https://leetcode.com/problems/range-sum-query-immutable/','Range Sum Query - Immutable',303,'Easy'),(225,'https://leetcode.com/problems/excel-sheet-column-title/','Excel Sheet Column Title',168,'Easy'),(226,'https://leetcode.com/problems/divide-two-integers/','Divide Two Integers',29,'Medium'),(227,'https://leetcode.com/problems/permutations-ii/','Permutations II',47,'Medium'),(228,'https://leetcode.com/problems/reconstruct-itinerary/','Reconstruct Itinerary',332,'Medium'),(229,'https://leetcode.com/problems/longest-substring-with-at-least-k-repeating-characters/','Longest Substring with At Least K Repeating Characters',395,'Medium'),(230,'https://leetcode.com/problems/majority-element-ii/','Majority Element II',229,'Medium'),(231,'https://leetcode.com/problems/russian-doll-envelopes/','Russian Doll Envelopes',354,'Hard'),(232,'https://leetcode.com/problems/first-bad-version/','First Bad Version',278,'Easy'),(233,'https://leetcode.com/problems/reverse-integer/','Reverse Integer',7,'Easy'),(234,'https://leetcode.com/problems/find-minimum-in-rotated-sorted-array-ii/','Find Minimum in Rotated Sorted Array II',154,'Hard'),(235,'https://leetcode.com/problems/combination-sum-ii/','Combination Sum II',40,'Medium'),(236,'https://leetcode.com/problems/valid-sudoku/','Valid Sudoku',36,'Easy'),(237,'https://leetcode.com/problems/reverse-linked-list-ii/','Reverse Linked List II',92,'Medium'),(238,'https://leetcode.com/problems/top-k-frequent-elements/','Top K Frequent Elements',347,'Medium'),(239,'https://leetcode.com/problems/word-search-ii/','Word Search II',212,'Hard'),(240,'https://leetcode.com/problems/remove-duplicates-from-sorted-array/','Remove Duplicates from Sorted Array',26,'Easy'),(241,'https://leetcode.com/problems/maximum-subarray/','Maximum Subarray',53,'Medium'),(242,'https://leetcode.com/problems/kth-smallest-element-in-a-sorted-matrix/','Kth Smallest Element in a Sorted Matrix',378,'Medium'),(243,'https://leetcode.com/problems/combination-sum/','Combination Sum',39,'Medium'),(244,'https://leetcode.com/problems/symmetric-tree/','Symmetric Tree',101,'Easy'),(245,'https://leetcode.com/problems/minimum-path-sum/','Minimum Path Sum',64,'Medium'),(246,'https://leetcode.com/problems/maximum-gap/','Maximum Gap',164,'Hard'),(247,'https://leetcode.com/problems/number-of-segments-in-a-string/','Number of Segments in a String',434,'Easy'),(248,'https://leetcode.com/problems/sort-list/','Sort List',148,'Medium'),(249,'https://leetcode.com/problems/search-in-rotated-sorted-array-ii/','Search in Rotated Sorted Array II',81,'Medium'),(250,'https://leetcode.com/problems/set-matrix-zeroes/','Set Matrix Zeroes',73,'Medium'),(251,'https://leetcode.com/problems/water-and-jug-problem/','Water and Jug Problem',365,'Medium'),(252,'https://leetcode.com/problems/minimum-window-substring/','Minimum Window Substring',76,'Hard'),(253,'https://leetcode.com/problems/count-of-range-sum/','Count of Range Sum',327,'Hard'),(254,'https://leetcode.com/problems/frog-jump/','Frog Jump',403,'Hard'),(255,'https://leetcode.com/problems/binary-tree-preorder-traversal/','Binary Tree Preorder Traversal',144,'Medium'),(256,'https://leetcode.com/problems/super-ugly-number/','Super Ugly Number',313,'Medium'),(257,'https://leetcode.com/problems/distinct-subsequences/','Distinct Subsequences',115,'Hard'),(258,'https://leetcode.com/problems/linked-list-random-node/','Linked List Random Node',382,'Medium'),(259,'https://leetcode.com/problems/integer-replacement/','Integer Replacement',397,'Medium'),(260,'https://leetcode.com/problems/merge-two-sorted-lists/','Merge Two Sorted Lists',21,'Easy'),(261,'https://leetcode.com/problems/candy/','Candy',135,'Hard'),(262,'https://leetcode.com/problems/same-tree/','Same Tree',100,'Easy'),(263,'https://leetcode.com/problems/longest-valid-parentheses/','Longest Valid Parentheses',32,'Hard'),(264,'https://leetcode.com/problems/maximum-product-of-word-lengths/','Maximum Product of Word Lengths',318,'Medium'),(265,'https://leetcode.com/problems/reverse-bits/','Reverse Bits',190,'Easy'),(266,'https://leetcode.com/problems/binary-tree-right-side-view/','Binary Tree Right Side View',199,'Medium'),(267,'https://leetcode.com/problems/count-primes/','Count Primes',204,'Easy'),(268,'https://leetcode.com/problems/permutation-sequence/','Permutation Sequence',60,'Medium'),(269,'https://leetcode.com/problems/wiggle-subsequence/','Wiggle Subsequence',376,'Medium'),(270,'https://leetcode.com/problems/jump-game-ii/','Jump Game II',45,'Hard'),(271,'https://leetcode.com/problems/invert-binary-tree/','Invert Binary Tree',226,'Easy'),(272,'https://leetcode.com/problems/add-binary/','Add Binary',67,'Easy'),(273,'https://leetcode.com/problems/kth-smallest-element-in-a-bst/','Kth Smallest Element in a BST',230,'Medium'),(274,'https://leetcode.com/problems/rotate-list/','Rotate List',61,'Medium'),(275,'https://leetcode.com/problems/insert-interval/','Insert Interval',57,'Hard'),(276,'https://leetcode.com/problems/two-sum-ii-input-array-is-sorted/','Two Sum II - Input array is sorted',167,'Medium'),(277,'https://leetcode.com/problems/roman-to-integer/','Roman to Integer',13,'Easy'),(278,'https://leetcode.com/problems/two-sum/','Two Sum',1,'Easy'),(279,'https://leetcode.com/problems/wiggle-sort-ii/','Wiggle Sort II',324,'Medium'),(280,'https://leetcode.com/problems/median-of-two-sorted-arrays/','Median of Two Sorted Arrays',4,'Hard'),(281,'https://leetcode.com/problems/add-and-search-word-data-structure-design/','Add and Search Word - Data structure design',211,'Medium'),(282,'https://leetcode.com/problems/largest-rectangle-in-histogram/','Largest Rectangle in Histogram',84,'Hard'),(283,'https://leetcode.com/problems/4sum/','4Sum',18,'Medium'),(284,'https://leetcode.com/problems/anagrams/','Group Anagrams',49,'Medium'),(285,'https://leetcode.com/problems/maximal-square/','Maximal Square',221,'Medium'),(286,'https://leetcode.com/problems/first-unique-character-in-a-string/','First Unique Character in a String',387,'Easy'),(287,'https://leetcode.com/problems/rectangle-area/','Rectangle Area',223,'Easy'),(288,'https://leetcode.com/problems/subsets-ii/','Subsets II',90,'Medium'),(289,'https://leetcode.com/problems/binary-tree-postorder-traversal/','Binary Tree Postorder Traversal',145,'Hard'),(290,'https://leetcode.com/problems/sum-of-two-integers/','Sum of Two Integers',371,'Easy'),(291,'https://leetcode.com/problems/gas-station/','Gas Station',134,'Medium'),(292,'https://leetcode.com/problems/rotate-function/','Rotate Function',396,'Easy'),(293,'https://leetcode.com/problems/longest-absolute-file-path/','Longest Absolute File Path',388,'Medium'),(294,'https://leetcode.com/problems/search-a-2d-matrix/','Search a 2D Matrix',74,'Medium'),(295,'https://leetcode.com/problems/search-a-2d-matrix-ii/','Search a 2D Matrix II',240,'Medium'),(296,'https://leetcode.com/problems/data-stream-as-disjoint-intervals/','Data Stream as Disjoint Intervals',352,'Hard'),(297,'https://leetcode.com/problems/binary-tree-paths/','Binary Tree Paths',257,'Easy'),(298,'https://leetcode.com/problems/longest-increasing-subsequence/','Longest Increasing Subsequence',300,'Medium'),(299,'https://leetcode.com/problems/expression-add-operators/','Expression Add Operators',282,'Hard'),(300,'https://leetcode.com/problems/pascals-triangle/','Pascal&#39;s Triangle',118,'Easy'),(301,'https://leetcode.com/problems/random-pick-index/','Random Pick Index',398,'Medium'),(302,'https://leetcode.com/problems/remove-duplicates-from-sorted-list/','Remove Duplicates from Sorted List',83,'Easy'),(303,'https://leetcode.com/problems/min-stack/','Min Stack',155,'Easy'),(304,'https://leetcode.com/problems/n-queens-ii/','N-Queens II',52,'Hard'),(305,'https://leetcode.com/problems/minimum-height-trees/','Minimum Height Trees',310,'Medium'),(306,'https://leetcode.com/problems/basic-calculator/','Basic Calculator',224,'Hard'),(307,'https://leetcode.com/problems/string-to-integer-atoi/','String to Integer (atoi)',8,'Easy'),(308,'https://leetcode.com/problems/patching-array/','Patching Array',330,'Hard'),(309,'https://leetcode.com/problems/guess-number-higher-or-lower-ii/','Guess Number Higher or Lower II',375,'Medium'),(310,'https://leetcode.com/problems/text-justification/','Text Justification',68,'Hard'),(311,'https://leetcode.com/problems/length-of-last-word/','Length of Last Word',58,'Easy'),(312,'https://leetcode.com/problems/binary-tree-level-order-traversal/','Binary Tree Level Order Traversal',102,'Easy'),(313,'https://leetcode.com/problems/basic-calculator-ii/','Basic Calculator II',227,'Medium'),(314,'https://leetcode.com/problems/reverse-string/','Reverse String',344,'Easy'),(315,'https://leetcode.com/problems/unique-paths-ii/','Unique Paths II',63,'Medium'),(316,'https://leetcode.com/problems/pascals-triangle-ii/','Pascal&#39;s Triangle II',119,'Easy'),(317,'https://leetcode.com/problems/valid-anagram/','Valid Anagram',242,'Easy'),(318,'https://leetcode.com/problems/3sum-closest/','3Sum Closest',16,'Medium'),(319,'https://leetcode.com/problems/maximum-depth-of-binary-tree/','Maximum Depth of Binary Tree',104,'Easy'),(320,'https://leetcode.com/problems/copy-list-with-random-pointer/','Copy List with Random Pointer',138,'Hard'),(321,'https://leetcode.com/problems/mini-parser/','Mini Parser',385,'Medium'),(322,'https://leetcode.com/problems/super-pow/','Super Pow',372,'Medium'),(323,'https://leetcode.com/problems/maximum-product-subarray/','Maximum Product Subarray',152,'Medium'),(324,'https://leetcode.com/problems/construct-binary-tree-from-inorder-and-postorder-traversal/','Construct Binary Tree from Inorder and Postorder Traversal',106,'Medium'),(325,'https://leetcode.com/problems/game-of-life/','Game of Life',289,'Medium'),(326,'https://leetcode.com/problems/increasing-triplet-subsequence/','Increasing Triplet Subsequence',334,'Medium'),(327,'https://leetcode.com/problems/best-time-to-buy-and-sell-stock-iii/','Best Time to Buy and Sell Stock III',123,'Hard'),(328,'https://leetcode.com/problems/remove-duplicate-letters/','Remove Duplicate Letters',316,'Hard'),(329,'https://leetcode.com/problems/shortest-palindrome/','Shortest Palindrome',214,'Hard'),(330,'https://leetcode.com/problems/intersection-of-two-arrays-ii/','Intersection of Two Arrays II',350,'Easy'),(331,'https://leetcode.com/problems/binary-tree-level-order-traversal-ii/','Binary Tree Level Order Traversal II',107,'Easy'),(332,'https://leetcode.com/problems/odd-even-linked-list/','Odd Even Linked List',328,'Medium'),(333,'https://leetcode.com/problems/self-crossing/','Self Crossing',335,'Hard'),(334,'https://leetcode.com/problems/unique-binary-search-trees/','Unique Binary Search Trees',96,'Medium'),(335,'https://leetcode.com/problems/single-number-ii/','Single Number II',137,'Medium'),(336,'https://leetcode.com/problems/nim-game/','Nim Game',292,'Easy'),(337,'https://leetcode.com/problems/reconstruct-original-digits-from-english/','Reconstruct Original Digits from English',423,'Medium'),(338,'https://leetcode.com/problems/substring-with-concatenation-of-all-words/','Substring with Concatenation of All Words',30,'Hard'),(339,'https://leetcode.com/problems/wildcard-matching/','Wildcard Matching',44,'Hard'),(340,'https://leetcode.com/problems/lowest-common-ancestor-of-a-binary-search-tree/','Lowest Common Ancestor of a Binary Search Tree',235,'Easy'),(341,'https://leetcode.com/problems/recover-binary-search-tree/','Recover Binary Search Tree',99,'Hard'),(342,'https://leetcode.com/problems/jump-game/','Jump Game',55,'Medium'),(343,'https://leetcode.com/problems/range-sum-query-2d-immutable/','Range Sum Query 2D - Immutable',304,'Medium'),(344,'https://leetcode.com/problems/perfect-rectangle/','Perfect Rectangle',391,'Hard'),(345,'https://leetcode.com/problems/find-peak-element/','Find Peak Element',162,'Medium'),(346,'https://leetcode.com/problems/partition-equal-subset-sum/','Partition Equal Subset Sum',416,'Medium'),(347,'https://leetcode.com/problems/search-in-rotated-sorted-array/','Search in Rotated Sorted Array',33,'Hard'),(348,'https://leetcode.com/problems/shuffle-an-array/','Shuffle an Array',384,'Medium'),(349,'https://leetcode.com/problems/maximal-rectangle/','Maximal Rectangle',85,'Hard'),(350,'https://leetcode.com/problems/pacific-atlantic-water-flow/','Pacific Atlantic Water Flow',417,'Medium'),(351,'https://leetcode.com/problems/sliding-window-maximum/','Sliding Window Maximum',239,'Hard'),(352,'https://leetcode.com/problems/excel-sheet-column-number/','Excel Sheet Column Number',171,'Easy'),(353,'https://leetcode.com/problems/merge-sorted-array/','Merge Sorted Array',88,'Easy'),(354,'https://leetcode.com/problems/add-two-numbers/','Add Two Numbers',2,'Medium'),(355,'https://leetcode.com/problems/fizz-buzz/','Fizz Buzz',412,'Easy'),(356,'https://leetcode.com/problems/best-time-to-buy-and-sell-stock-iv/','Best Time to Buy and Sell Stock IV',188,'Hard'),(357,'https://leetcode.com/problems/the-skyline-problem/','The Skyline Problem',218,'Hard'),(358,'https://leetcode.com/problems/non-overlapping-intervals/','Non-overlapping Intervals',435,'Medium'),(359,'https://leetcode.com/problems/binary-tree-upside-down/','Binary Tree Upside Down',156,'Medium'),(360,'https://leetcode.com/problems/read-n-characters-given-read4/','Read N Characters Given Read4',157,'Easy'),(361,'https://leetcode.com/problems/read-n-characters-given-read4-ii-call-multiple-times/','Read N Characters Given Read4 II - Call multiple times',158,'Hard'),(362,'https://leetcode.com/problems/longest-substring-with-at-most-two-distinct-characters/','Longest Substring with At Most Two Distinct Characters',159,'Hard'),(363,'https://leetcode.com/problems/longest-substring-with-at-most-k-distinct-characters/','Longest Substring with At Most K Distinct Characters',340,'Hard'),(364,'https://leetcode.com/problems/one-edit-distance/','One Edit Distance',161,'Medium'),(365,'https://leetcode.com/problems/missing-ranges/','Missing Ranges',163,'Medium'),(366,'https://leetcode.com/problems/find-right-interval/','Find Right Interval',436,'Medium'),(367,'https://leetcode.com/problems/two-sum-iii-data-structure-design/','Two Sum III - Data structure design',170,'Easy'),(368,'https://leetcode.com/problems/reverse-words-in-a-string-ii/','Reverse Words in a String II',186,'Medium'),(369,'https://leetcode.com/problems/shortest-word-distance/','Shortest Word Distance',243,'Easy'),(370,'https://leetcode.com/problems/shortest-word-distance-ii/','Shortest Word Distance II',244,'Medium'),(371,'https://leetcode.com/problems/shortest-word-distance-iii/','Shortest Word Distance III',245,'Medium'),(372,'https://leetcode.com/problems/strobogrammatic-number/','Strobogrammatic Number',246,'Easy'),(373,'https://leetcode.com/problems/strobogrammatic-number-ii/','Strobogrammatic Number II',247,'Medium'),(374,'https://leetcode.com/problems/strobogrammatic-number-iii/','Strobogrammatic Number III',248,'Hard'),(375,'https://leetcode.com/problems/palindrome-permutation/','Palindrome Permutation',266,'Easy'),(376,'https://leetcode.com/problems/palindrome-permutation-ii/','Palindrome Permutation II',267,'Medium'),(377,'https://leetcode.com/problems/group-shifted-strings/','Group Shifted Strings',249,'Easy'),(378,'https://leetcode.com/problems/count-univalue-subtrees/','Count Univalue Subtrees',250,'Medium'),(379,'https://leetcode.com/problems/flatten-2d-vector/','Flatten 2D Vector',251,'Medium'),(380,'https://leetcode.com/problems/zigzag-iterator/','Zigzag Iterator',281,'Medium'),(381,'https://leetcode.com/problems/meeting-rooms/','Meeting Rooms',252,'Easy'),(382,'https://leetcode.com/problems/meeting-rooms-ii/','Meeting Rooms II',253,'Medium'),(383,'https://leetcode.com/problems/factor-combinations/','Factor Combinations',254,'Medium'),(384,'https://leetcode.com/problems/verify-preorder-sequence-in-binary-search-tree/','Verify Preorder Sequence in Binary Search Tree',255,'Medium'),(385,'https://leetcode.com/problems/inorder-successor-in-bst/','Inorder Successor in BST',285,'Medium'),(386,'https://leetcode.com/problems/paint-house/','Paint House',256,'Medium'),(387,'https://leetcode.com/problems/paint-fence/','Paint Fence',276,'Easy'),(388,'https://leetcode.com/problems/paint-house-ii/','Paint House II',265,'Hard'),(389,'https://leetcode.com/problems/3sum-smaller/','3Sum Smaller',259,'Medium'),(390,'https://leetcode.com/problems/graph-valid-tree/','Graph Valid Tree',261,'Medium'),(391,'https://leetcode.com/problems/number-of-connected-components-in-an-undirected-graph/','Number of Connected Components in an Undirected Graph',323,'Medium'),(392,'https://leetcode.com/problems/number-of-islands-ii/','Number of Islands II',305,'Hard'),(393,'https://leetcode.com/problems/alien-dictionary/','Alien Dictionary',269,'Hard'),(394,'https://leetcode.com/problems/closest-binary-search-tree-value/','Closest Binary Search Tree Value',270,'Easy'),(395,'https://leetcode.com/problems/closest-binary-search-tree-value-ii/','Closest Binary Search Tree Value II',272,'Hard'),(396,'https://leetcode.com/problems/encode-and-decode-strings/','Encode and Decode Strings',271,'Medium'),(397,'https://leetcode.com/problems/find-the-celebrity/','Find the Celebrity',277,'Medium'),(398,'https://leetcode.com/problems/wiggle-sort/','Wiggle Sort',280,'Medium'),(399,'https://leetcode.com/problems/walls-and-gates/','Walls and Gates',286,'Medium'),(400,'https://leetcode.com/problems/unique-word-abbreviation/','Unique Word Abbreviation',288,'Easy'),(401,'https://leetcode.com/problems/word-pattern-ii/','Word Pattern II',291,'Hard'),(402,'https://leetcode.com/problems/flip-game/','Flip Game',293,'Easy'),(403,'https://leetcode.com/problems/flip-game-ii/','Flip Game II',294,'Medium'),(404,'https://leetcode.com/problems/best-meeting-point/','Best Meeting Point',296,'Hard'),(405,'https://leetcode.com/problems/shortest-distance-from-all-buildings/','Shortest Distance from All Buildings',317,'Hard'),(406,'https://leetcode.com/problems/smallest-rectangle-enclosing-black-pixels/','Smallest Rectangle Enclosing Black Pixels',302,'Hard'),(407,'https://leetcode.com/problems/binary-tree-longest-consecutive-sequence/','Binary Tree Longest Consecutive Sequence',298,'Medium'),(408,'https://leetcode.com/problems/range-sum-query-2d-mutable/','Range Sum Query 2D - Mutable',308,'Hard'),(409,'https://leetcode.com/problems/sparse-matrix-multiplication/','Sparse Matrix Multiplication',311,'Medium'),(410,'https://leetcode.com/problems/binary-tree-vertical-order-traversal/','Binary Tree Vertical Order Traversal',314,'Medium'),(411,'https://leetcode.com/problems/generalized-abbreviation/','Generalized Abbreviation',320,'Medium'),(412,'https://leetcode.com/problems/maximum-size-subarray-sum-equals-k/','Maximum Size Subarray Sum Equals k',325,'Medium'),(413,'https://leetcode.com/problems/largest-bst-subtree/','Largest BST Subtree',333,'Medium'),(414,'https://leetcode.com/problems/nested-list-weight-sum/','Nested List Weight Sum',339,'Easy'),(415,'https://leetcode.com/problems/nested-list-weight-sum-ii/','Nested List Weight Sum II',364,'Medium'),(416,'https://leetcode.com/problems/moving-average-from-data-stream/','Moving Average from Data Stream',346,'Easy'),(417,'https://leetcode.com/problems/design-tic-tac-toe/','Design Tic-Tac-Toe',348,'Medium'),(418,'https://leetcode.com/problems/android-unlock-patterns/','Android Unlock Patterns',351,'Medium'),(419,'https://leetcode.com/problems/design-snake-game/','Design Snake Game',353,'Medium'),(420,'https://leetcode.com/problems/rearrange-string-k-distance-apart/','Rearrange String k Distance Apart',358,'Hard'),(421,'https://leetcode.com/problems/line-reflection/','Line Reflection',356,'Medium'),(422,'https://leetcode.com/problems/logger-rate-limiter/','Logger Rate Limiter',359,'Easy'),(423,'https://leetcode.com/problems/minimum-unique-word-abbreviation/','Minimum Unique Word Abbreviation',411,'Hard'),(424,'https://leetcode.com/problems/valid-word-abbreviation/','Valid Word Abbreviation',408,'Easy'),(425,'https://leetcode.com/problems/bomb-enemy/','Bomb Enemy',361,'Medium'),(426,'https://leetcode.com/problems/sort-transformed-array/','Sort Transformed Array',360,'Medium'),(427,'https://leetcode.com/problems/valid-word-square/','Valid Word Square',422,'Easy'),(428,'https://leetcode.com/problems/design-hit-counter/','Design Hit Counter',362,'Medium'),(429,'https://leetcode.com/problems/find-leaves-of-binary-tree/','Find Leaves of Binary Tree',366,'Medium'),(430,'https://leetcode.com/problems/plus-one-linked-list/','Plus One Linked List',369,'Medium'),(431,'https://leetcode.com/problems/word-squares/','Word Squares',425,'Hard'),(432,'https://leetcode.com/problems/range-addition/','Range Addition',370,'Medium'),(433,'https://leetcode.com/problems/design-phone-directory/','Design Phone Directory',379,'Medium'),(434,'https://leetcode.com/problems/sentence-screen-fitting/','Sentence Screen Fitting',418,'Medium'),(435,'https://leetcode.com/problems/k-th-smallest-in-lexicographical-order/','K-th Smallest in Lexicographical Order',440,'Hard'),(436,'https://leetcode.com/problems/path-sum-iii/','Path Sum III',437,'Easy'),(437,'https://leetcode.com/problems/find-all-anagrams-in-a-string/','Find All Anagrams in a String',438,'Easy'),(438,'https://leetcode.com/problems/ternary-expression-parser/','Ternary Expression Parser',439,'Medium'),(439,'https://leetcode.com/problems/find-all-duplicates-in-an-array/','Find All Duplicates in an Array',442,'Medium'),(440,'https://leetcode.com/problems/find-all-numbers-disappeared-in-an-array/','Find All Numbers Disappeared in an Array',448,'Easy'),(441,'https://leetcode.com/problems/arranging-coins/','Arranging Coins',441,'Easy'),(442,'https://leetcode.com/problems/sequence-reconstruction/','Sequence Reconstruction',444,'Medium'),(443,'https://leetcode.com/problems/add-two-numbers-ii/','Add Two Numbers II',445,'Medium'),(444,'https://leetcode.com/problems/number-of-boomerangs/','Number of Boomerangs',447,'Easy'),(445,'https://leetcode.com/problems/arithmetic-slices-ii-subsequence/','Arithmetic Slices II - Subsequence',446,'Hard'),(446,'https://leetcode.com/problems/serialize-and-deserialize-bst/','Serialize and Deserialize BST',449,'Medium'),(447,'https://leetcode.com/problems/delete-node-in-a-bst/','Delete Node in a BST',450,'Medium'),(448,'https://leetcode.com/problems/lfu-cache/','LFU Cache',460,'Hard');
/*!40000 ALTER TABLE `Questions` ENABLE KEYS */;
UNLOCK TABLES;

--
-- Table structure for table `SimilarRel`
--

DROP TABLE IF EXISTS `SimilarRel`;
/*!40101 SET @saved_cs_client     = @@character_set_client */;
/*!40101 SET character_set_client = utf8 */;
CREATE TABLE `SimilarRel` (
  `low_id` int(11) NOT NULL DEFAULT '0',
  `high_id` int(11) NOT NULL DEFAULT '0',
  PRIMARY KEY (`low_id`,`high_id`),
  KEY `high_id` (`high_id`),
  CONSTRAINT `SimilarRel_ibfk_1` FOREIGN KEY (`low_id`) REFERENCES `Questions` (`id`),
  CONSTRAINT `SimilarRel_ibfk_2` FOREIGN KEY (`high_id`) REFERENCES `Questions` (`id`)
) ENGINE=InnoDB DEFAULT CHARSET=latin1;
/*!40101 SET character_set_client = @saved_cs_client */;

--
-- Dumping data for table `SimilarRel`
--

LOCK TABLES `SimilarRel` WRITE;
/*!40000 ALTER TABLE `SimilarRel` DISABLE KEYS */;
INSERT INTO `SimilarRel` VALUES (26,31),(42,45),(48,49),(26,61),(31,61),(93,98),(44,100),(86,111),(67,115),(72,119),(79,127),(89,132),(20,133),(52,142),(109,144),(142,144),(72,151),(20,156),(98,162),(35,165),(40,167),(72,171),(119,171),(80,172),(102,173),(162,173),(67,175),(115,175),(80,178),(43,180),(166,180),(174,180),(100,182),(139,182),(65,186),(138,188),(104,192),(108,193),(112,193),(188,193),(20,194),(137,195),(26,199),(39,199),(50,199),(61,199),(26,202),(125,206),(161,206),(196,207),(148,210),(78,211),(195,212),(62,218),(40,219),(167,219),(87,224),(80,227),(172,227),(29,232),(101,232),(198,232),(215,234),(58,236),(174,237),(132,238),(152,239),(100,240),(40,241),(98,243),(121,243),(154,243),(178,243),(235,243),(104,245),(192,245),(73,248),(106,248),(130,252),(211,253),(144,255),(193,256),(108,260),(248,260),(173,263),(188,267),(193,267),(80,268),(172,268),(161,272),(206,272),(144,273),(88,274),(203,275),(79,277),(209,278),(276,278),(73,279),(132,279),(209,283),(278,283),(144,289),(294,295),(147,296),(151,297),(231,298),(74,299),(196,299),(258,301),(136,304),(62,305),(218,305),(74,306),(196,306),(299,306),(179,307),(233,307),(29,309),(70,312),(126,312),(299,313),(306,313),(192,315),(284,317),(209,318),(66,319),(126,319),(216,321),(137,322),(67,323),(194,323),(241,323),(250,325),(298,326),(40,327),(219,327),(65,329),(68,329),(186,329),(312,331),(207,334),(50,335),(199,335),(252,338),(128,339),(224,343),(215,347),(249,347),(282,349),(285,349),(252,351),(303,351),(260,353),(125,354),(206,354),(272,354),(290,354),(40,356),(219,356),(327,356),(174,359),(360,361),(189,362),(351,362),(169,363),(362,363),(200,364),(147,365),(296,366),(278,367),(88,368),(131,368),(260,370),(369,370),(369,371),(370,371),(372,373),(372,374),(373,374),(65,375),(160,375),(317,375),(172,376),(227,376),(375,376),(284,377),(52,379),(142,379),(216,379),(52,380),(142,380),(216,380),(379,380),(203,381),(203,382),(381,382),(243,383),(255,384),(142,385),(144,385),(67,386),(115,386),(67,387),(115,387),(386,387),(194,388),(351,388),(386,388),(387,388),(209,389),(318,389),(62,390),(49,391),(390,391),(49,392),(218,393),(113,394),(144,395),(394,395),(51,396),(208,396),(73,398),(279,398),(48,399),(49,399),(367,400),(86,401),(309,403),(336,403),(402,403),(399,405),(404,405),(22,407),(87,408),(343,408),(312,410),(37,411),(400,411),(130,412),(224,412),(414,415),(103,421),(411,423),(423,424),(422,428),(161,430),(427,431),(72,436),(151,436),(317,437),(321,438),(31,440),(439,440),(218,442),(354,443),(421,444),(155,445),(51,446),(158,448);
/*!40000 ALTER TABLE `SimilarRel` ENABLE KEYS */;
UNLOCK TABLES;

--
-- Table structure for table `Tag`
--

DROP TABLE IF EXISTS `Tag`;
/*!40101 SET @saved_cs_client     = @@character_set_client */;
/*!40101 SET character_set_client = utf8 */;
CREATE TABLE `Tag` (
  `id` int(11) NOT NULL DEFAULT '0',
  `tag` varchar(100) NOT NULL DEFAULT '',
  PRIMARY KEY (`id`,`tag`),
  CONSTRAINT `Tag_ibfk_1` FOREIGN KEY (`id`) REFERENCES `Questions` (`id`)
) ENGINE=InnoDB DEFAULT CHARSET=latin1;
/*!40101 SET character_set_client = @saved_cs_client */;

--
-- Dumping data for table `Tag`
--

LOCK TABLES `Tag` WRITE;
/*!40000 ALTER TABLE `Tag` DISABLE KEYS */;
INSERT INTO `Tag` VALUES (20,'Array'),(20,'Stack'),(20,'Two Pointers'),(22,'Array'),(22,'Union Find'),(26,'Array'),(26,'Binary Search'),(26,'Two Pointers'),(27,'Graph'),(28,'Math'),(29,'Binary Search'),(30,'Design'),(31,'Array'),(32,'Dynamic Programming'),(34,'Backtracking'),(34,'Dynamic Programming'),(35,'Dynamic Programming'),(35,'Greedy'),(36,'Binary Search'),(36,'Hash Table'),(36,'Sort'),(36,'Two Pointers'),(37,'Array'),(37,'Backtracking'),(37,'Bit Manipulation'),(38,'Dynamic Programming'),(39,'Bit Manipulation'),(39,'Hash Table'),(40,'Array'),(40,'Dynamic Programming'),(41,'Array'),(43,'Math'),(44,'Array'),(44,'Two Pointers'),(45,'Array'),(46,'Depth-first Search'),(46,'Tree'),(47,'Array'),(47,'Dynamic Programming'),(48,'Breadth-first Search'),(48,'Union Find'),(49,'Breadth-first Search'),(49,'Depth-first Search'),(49,'Union Find'),(50,'Bit Manipulation'),(51,'Design'),(51,'Tree'),(53,'Bit Manipulation'),(53,'Dynamic Programming'),(54,'Breadth-first Search'),(54,'Depth-first Search'),(54,'Graph'),(55,'Depth-first Search'),(55,'Memoization'),(55,'Topological Sort'),(56,'String'),(57,'Linked List'),(58,'Backtracking'),(58,'Hash Table'),(59,'Brainteaser'),(59,'Math'),(60,'Dynamic Programming'),(62,'Breadth-first Search'),(62,'Depth-first Search'),(62,'Graph'),(62,'Topological Sort'),(63,'Dynamic Programming'),(63,'String'),(64,'String'),(65,'String'),(66,'Depth-first Search'),(66,'Tree'),(67,'Dynamic Programming'),(68,'String'),(68,'Two Pointers'),(70,'Breadth-first Search'),(70,'Stack'),(70,'Tree'),(72,'Depth-first Search'),(72,'Tree'),(73,'Array'),(73,'Sort'),(73,'Two Pointers'),(74,'Stack'),(75,'String'),(76,'Binary Search'),(76,'Dynamic Programming'),(76,'Queue'),(77,'String'),(78,'Greedy'),(79,'Math'),(79,'String'),(80,'Backtracking'),(82,'Bit Manipulation'),(83,'Hash Table'),(83,'Math'),(84,'Hash Table'),(84,'Sort'),(85,'Array'),(85,'Hash Table'),(86,'Hash Table'),(87,'Binary Indexed Tree'),(87,'Segment Tree'),(88,'Array'),(89,'Array'),(90,'Depth-first Search'),(90,'Tree'),(93,'Backtracking'),(93,'Bit Manipulation'),(94,'Bit Manipulation'),(94,'Math'),(95,'Linked List'),(95,'Two Pointers'),(97,'Binary Search'),(98,'Backtracking'),(98,'String'),(99,'Depth-first Search'),(99,'Tree'),(100,'Array'),(100,'Two Pointers'),(101,'Array'),(101,'Binary Search'),(102,'Breadth-first Search'),(102,'Depth-first Search'),(103,'Hash Table'),(103,'Math'),(104,'Binary Search'),(104,'Dynamic Programming'),(106,'Linked List'),(106,'Sort'),(107,'Depth-first Search'),(107,'Stack'),(109,'Depth-first Search'),(109,'Tree'),(110,'Linked List'),(110,'Two Pointers'),(111,'Hash Table'),(112,'Breadth-first Search'),(112,'Dynamic Programming'),(112,'Math'),(113,'Binary Search'),(113,'Tree'),(115,'Dynamic Programming'),(116,'Binary Search'),(116,'Dynamic Programming'),(117,'Design'),(117,'Stack'),(118,'Stack'),(119,'Depth-first Search'),(119,'Tree'),(120,'Dynamic Programming'),(120,'Math'),(121,'Array'),(121,'Backtracking'),(122,'Backtracking'),(122,'String'),(124,'Array'),(124,'Hash Table'),(125,'Math'),(126,'Breadth-first Search'),(126,'Depth-first Search'),(126,'Tree'),(127,'Math'),(127,'String'),(128,'Backtracking'),(128,'Dynamic Programming'),(128,'String'),(129,'Array'),(129,'Depth-first Search'),(129,'Tree'),(130,'Array'),(130,'Binary Search'),(130,'Two Pointers'),(131,'String'),(132,'Heap'),(134,'Bit Manipulation'),(134,'Hash Table'),(135,'Bit Manipulation'),(136,'Backtracking'),(137,'Binary Search'),(137,'Math'),(138,'Hash Table'),(138,'Math'),(139,'Linked List'),(140,'Bit Manipulation'),(141,'Depth-first Search'),(141,'Tree'),(142,'Design'),(142,'Stack'),(142,'Tree'),(144,'Hash Table'),(144,'Stack'),(144,'Tree'),(145,'Bit Manipulation'),(145,'Trie'),(146,'Design'),(146,'Trie'),(147,'Array'),(148,'Linked List'),(150,'Array'),(152,'Array'),(152,'Backtracking'),(153,'Linked List'),(154,'Dynamic Programming'),(155,'Dynamic Programming'),(155,'Math'),(156,'Breadth-first Search'),(156,'Heap'),(157,'String'),(157,'Two Pointers'),(158,'Design'),(159,'Design'),(159,'Hash Table'),(159,'Heap'),(161,'Array'),(161,'Math'),(162,'Backtracking'),(162,'String'),(163,'Math'),(164,'Binary Search'),(164,'Dynamic Programming'),(164,'Greedy'),(165,'Greedy'),(165,'Stack'),(166,'String'),(166,'Two Pointers'),(167,'Dynamic Programming'),(168,'Tree'),(170,'Backtracking'),(170,'Dynamic Programming'),(170,'Math'),(172,'Array'),(173,'Stack'),(173,'String'),(174,'Linked List'),(175,'Depth-first Search'),(175,'Tree'),(176,'Dynamic Programming'),(176,'Math'),(177,'Dynamic Programming'),(177,'String'),(178,'Backtracking'),(179,'Math'),(179,'String'),(180,'Linked List'),(180,'Two Pointers'),(181,'Tree'),(182,'Linked List'),(183,'Bit Manipulation'),(184,'Design'),(184,'Heap'),(185,'Backtracking'),(186,'Hash Table'),(186,'String'),(186,'Trie'),(187,'Math'),(188,'Math'),(189,'Hash Table'),(189,'String'),(189,'Two Pointers'),(190,'Stack'),(190,'String'),(191,'Linked List'),(191,'Two Pointers'),(192,'Array'),(192,'Dynamic Programming'),(193,'Dynamic Programming'),(193,'Heap'),(193,'Math'),(194,'Array'),(195,'Binary Search'),(195,'Math'),(197,'Bit Manipulation'),(199,'Bit Manipulation'),(199,'Hash Table'),(200,'Dynamic Programming'),(200,'String'),(201,'Dynamic Programming'),(201,'String'),(202,'Linked List'),(202,'Two Pointers'),(203,'Array'),(203,'Sort'),(204,'Array'),(204,'Two Pointers'),(205,'Math'),(207,'Dynamic Programming'),(207,'Tree'),(208,'String'),(209,'Array'),(209,'Two Pointers'),(210,'Linked List'),(212,'Binary Search'),(212,'Math'),(213,'Hash Table'),(215,'Array'),(215,'Binary Search'),(216,'Design'),(216,'Stack'),(217,'Array'),(217,'Design'),(217,'Hash Table'),(218,'Breadth-first Search'),(218,'Depth-first Search'),(218,'Graph'),(218,'Topological Sort'),(219,'Array'),(219,'Greedy'),(220,'Backtracking'),(222,'Linked List'),(223,'Sort'),(224,'Dynamic Programming'),(225,'Math'),(226,'Binary Search'),(226,'Math'),(227,'Backtracking'),(228,'Depth-first Search'),(228,'Graph'),(230,'Array'),(232,'Binary Search'),(233,'Math'),(234,'Array'),(234,'Binary Search'),(235,'Array'),(235,'Backtracking'),(236,'Hash Table'),(237,'Linked List'),(239,'Backtracking'),(239,'Trie'),(240,'Array'),(240,'Two Pointers'),(241,'Array'),(241,'Dynamic Programming'),(242,'Binary Search'),(242,'Heap'),(243,'Array'),(243,'Backtracking'),(244,'Breadth-first Search'),(244,'Depth-first Search'),(244,'Tree'),(246,'Sort'),(247,'String'),(248,'Linked List'),(248,'Sort'),(249,'Array'),(249,'Binary Search'),(250,'Array'),(251,'Math'),(252,'Hash Table'),(252,'String'),(252,'Two Pointers'),(254,'Dynamic Programming'),(256,'Heap'),(256,'Math'),(257,'Dynamic Programming'),(257,'String'),(258,'Reservoir Sampling'),(259,'Bit Manipulation'),(259,'Math'),(260,'Linked List'),(261,'Greedy'),(262,'Depth-first Search'),(262,'Tree'),(263,'Dynamic Programming'),(263,'String'),(265,'Bit Manipulation'),(266,'Breadth-first Search'),(266,'Depth-first Search'),(266,'Tree'),(267,'Hash Table'),(267,'Math'),(268,'Backtracking'),(268,'Math'),(269,'Dynamic Programming'),(269,'Greedy'),(270,'Array'),(270,'Greedy'),(271,'Tree'),(272,'Math'),(272,'String'),(274,'Linked List'),(274,'Two Pointers'),(275,'Array'),(275,'Sort'),(276,'Array'),(276,'Binary Search'),(276,'Two Pointers'),(277,'Math'),(277,'String'),(279,'Sort'),(280,'Array'),(280,'Binary Search'),(281,'Backtracking'),(281,'Design'),(281,'Trie'),(282,'Array'),(282,'Stack'),(283,'Array'),(283,'Hash Table'),(283,'Two Pointers'),(284,'Hash Table'),(284,'String'),(285,'Dynamic Programming'),(287,'Math'),(289,'Stack'),(289,'Tree'),(290,'Bit Manipulation'),(291,'Greedy'),(292,'Math'),(294,'Array'),(294,'Binary Search'),(296,'Binary Search Tree'),(297,'Depth-first Search'),(297,'Tree'),(298,'Binary Search'),(298,'Dynamic Programming'),(300,'Array'),(301,'Reservoir Sampling'),(302,'Linked List'),(303,'Design'),(303,'Stack'),(305,'Breadth-first Search'),(305,'Graph'),(306,'Math'),(306,'Stack'),(307,'Math'),(307,'String'),(308,'Greedy'),(309,'Dynamic Programming'),(310,'String'),(311,'String'),(312,'Breadth-first Search'),(312,'Tree'),(314,'String'),(314,'Two Pointers'),(315,'Array'),(315,'Dynamic Programming'),(316,'Array'),(317,'Hash Table'),(317,'Sort'),(318,'Array'),(318,'Two Pointers'),(319,'Depth-first Search'),(319,'Tree'),(320,'Hash Table'),(320,'Linked List'),(322,'Math'),(323,'Array'),(323,'Dynamic Programming'),(324,'Array'),(324,'Depth-first Search'),(324,'Tree'),(325,'Array'),(327,'Array'),(327,'Dynamic Programming'),(328,'Greedy'),(328,'Stack'),(329,'String'),(330,'Binary Search'),(330,'Hash Table'),(330,'Sort'),(330,'Two Pointers'),(332,'Linked List'),(333,'Math'),(334,'Dynamic Programming'),(334,'Tree'),(335,'Bit Manipulation'),(336,'Brainteaser'),(337,'Math'),(338,'Hash Table'),(338,'String'),(338,'Two Pointers'),(340,'Tree'),(341,'Depth-first Search'),(341,'Tree'),(342,'Array'),(342,'Greedy'),(343,'Dynamic Programming'),(345,'Array'),(345,'Binary Search'),(346,'Dynamic Programming'),(347,'Array'),(347,'Binary Search'),(350,'Breadth-first Search'),(350,'Depth-first Search'),(351,'Heap'),(352,'Math'),(353,'Array'),(353,'Two Pointers'),(354,'Linked List'),(354,'Math'),(356,'Dynamic Programming'),(358,'Greedy'),(359,'Tree'),(360,'String'),(361,'String'),(362,'Hash Table'),(362,'String'),(362,'Two Pointers'),(363,'Hash Table'),(363,'String'),(364,'String'),(365,'Array'),(366,'Binary Search'),(367,'Design'),(367,'Hash Table'),(368,'String'),(369,'Array'),(370,'Design'),(370,'Hash Table'),(371,'Array'),(372,'Hash Table'),(372,'Math'),(373,'Math'),(373,'Recursion'),(374,'Math'),(374,'Recursion'),(375,'Hash Table'),(376,'Backtracking'),(377,'Hash Table'),(377,'String'),(378,'Tree'),(379,'Design'),(380,'Design'),(381,'Sort'),(382,'Greedy'),(382,'Heap'),(382,'Sort'),(383,'Backtracking'),(384,'Stack'),(384,'Tree'),(385,'Tree'),(386,'Dynamic Programming'),(387,'Dynamic Programming'),(388,'Dynamic Programming'),(389,'Array'),(389,'Two Pointers'),(390,'Breadth-first Search'),(390,'Depth-first Search'),(390,'Graph'),(390,'Union Find'),(391,'Breadth-first Search'),(391,'Depth-first Search'),(391,'Graph'),(391,'Union Find'),(392,'Union Find'),(393,'Graph'),(393,'Topological Sort'),(394,'Binary Search'),(394,'Tree'),(395,'Stack'),(395,'Tree'),(396,'String'),(397,'Array'),(398,'Array'),(398,'Sort'),(399,'Breadth-first Search'),(400,'Design'),(400,'Hash Table'),(401,'Backtracking'),(402,'String'),(403,'Backtracking'),(404,'Math'),(404,'Sort'),(405,'Breadth-first Search'),(406,'Binary Search'),(407,'Tree'),(408,'Binary Indexed Tree'),(408,'Segment Tree'),(409,'Hash Table'),(410,'Hash Table'),(411,'Backtracking'),(411,'Bit Manipulation'),(412,'Hash Table'),(413,'Tree'),(414,'Depth-first Search'),(415,'Depth-first Search'),(416,'Design'),(416,'Queue'),(417,'Design'),(418,'Backtracking'),(418,'Dynamic Programming'),(419,'Design'),(419,'Queue'),(420,'Greedy'),(420,'Hash Table'),(420,'Heap'),(421,'Hash Table'),(421,'Math'),(422,'Design'),(422,'Hash Table'),(423,'Backtracking'),(423,'Bit Manipulation'),(424,'String'),(425,'Dynamic Programming'),(426,'Math'),(426,'Two Pointers'),(428,'Design'),(429,'Depth-first Search'),(429,'Tree'),(430,'Linked List'),(431,'Backtracking'),(431,'Trie'),(432,'Array'),(433,'Design'),(433,'Linked List'),(434,'Dynamic Programming'),(436,'Tree'),(437,'Hash Table'),(438,'Depth-first Search'),(438,'Stack'),(439,'Array'),(440,'Array'),(441,'Binary Search'),(441,'Math'),(442,'Graph'),(442,'Topological Sort'),(443,'Linked List'),(444,'Hash Table'),(445,'Dynamic Programming'),(446,'Tree'),(447,'Tree'),(448,'Design');
/*!40000 ALTER TABLE `Tag` ENABLE KEYS */;
UNLOCK TABLES;
/*!40103 SET TIME_ZONE=@OLD_TIME_ZONE */;

/*!40101 SET SQL_MODE=@OLD_SQL_MODE */;
/*!40014 SET FOREIGN_KEY_CHECKS=@OLD_FOREIGN_KEY_CHECKS */;
/*!40014 SET UNIQUE_CHECKS=@OLD_UNIQUE_CHECKS */;
/*!40101 SET CHARACTER_SET_CLIENT=@OLD_CHARACTER_SET_CLIENT */;
/*!40101 SET CHARACTER_SET_RESULTS=@OLD_CHARACTER_SET_RESULTS */;
/*!40101 SET COLLATION_CONNECTION=@OLD_COLLATION_CONNECTION */;
/*!40111 SET SQL_NOTES=@OLD_SQL_NOTES */;

-- Dump completed on 2017-01-14 22:59:35
